[{"init": ["xavier_uniform", null], "activation": "none", "batch_norm": false, "dropout": false, "hidden_size": 1, "avg_num_of_episodes_to_solve": 5000.0, "solved": false}, {"init": ["xavier_uniform", null], "activation": "none", "batch_norm": false, "dropout": false, "hidden_size": 10, "avg_num_of_episodes_to_solve": 5000.0, "solved": false}, {"init": ["xavier_uniform", null], "activation": "none", "batch_norm": false, "dropout": false, "hidden_size": 20, "avg_num_of_episodes_to_solve": 5000.0, "solved": false}, {"init": ["xavier_uniform", null], "activation": "none", "batch_norm": false, "dropout": false, "hidden_size": 80, "avg_num_of_episodes_to_solve": 5000.0, "solved": false}, {"init": ["xavier_uniform", null], "activation": "none", "batch_norm": false, "dropout": false, "hidden_size": 256, "avg_num_of_episodes_to_solve": 5000.0, "solved": false}, {"init": ["xavier_uniform", null], "activation": "relu", "batch_norm": false, "dropout": false, "hidden_size": 1, "avg_num_of_episodes_to_solve": 5000.0, "solved": false}, {"init": ["xavier_uniform", null], "activation": "relu", "batch_norm": false, "dropout": false, "hidden_size": 10, "avg_num_of_episodes_to_solve": 5000.0, "solved": false}, {"init": ["xavier_uniform", null], "activation": "relu", "batch_norm": false, "dropout": false, "hidden_size": 20, "avg_num_of_episodes_to_solve": 3298.3333333333335, "solved": false}, {"init": ["xavier_uniform", null], "activation": "relu", "batch_norm": false, "dropout": false, "hidden_size": 80, "avg_num_of_episodes_to_solve": 482.2, "solved": true}, {"init": ["xavier_uniform", null], "activation": "relu", "batch_norm": false, "dropout": false, "hidden_size": 256, "avg_num_of_episodes_to_solve": 534.2, "solved": true}, {"init": ["xavier_uniform", null], "activation": "leakyrelu", "batch_norm": false, "dropout": false, "hidden_size": 1, "avg_num_of_episodes_to_solve": 5000.0, "solved": false}, {"init": ["xavier_uniform", null], "activation": "leakyrelu", "batch_norm": false, "dropout": false, "hidden_size": 10, "avg_num_of_episodes_to_solve": 5000.0, "solved": false}, {"init": ["xavier_uniform", null], "activation": "leakyrelu", "batch_norm": false, "dropout": false, "hidden_size": 20, "avg_num_of_episodes_to_solve": 2345.4, "solved": false}, {"init": ["xavier_uniform", null], "activation": "leakyrelu", "batch_norm": false, "dropout": false, "hidden_size": 80, "avg_num_of_episodes_to_solve": 528.8, "solved": true}, {"init": ["xavier_uniform", null], "activation": "leakyrelu", "batch_norm": false, "dropout": false, "hidden_size": 256, "avg_num_of_episodes_to_solve": 546.8, "solved": true}, {"init": ["xavier_uniform", null], "activation": "tanh", "batch_norm": false, "dropout": false, "hidden_size": 1, "avg_num_of_episodes_to_solve": 5000.0, "solved": false}, {"init": ["xavier_uniform", null], "activation": "tanh", "batch_norm": false, "dropout": false, "hidden_size": 10, "avg_num_of_episodes_to_solve": 4921.5, "solved": false}, {"init": ["xavier_uniform", null], "activation": "tanh", "batch_norm": false, "dropout": false, "hidden_size": 20, "avg_num_of_episodes_to_solve": 1205.6, "solved": true}, {"init": ["xavier_uniform", null], "activation": "tanh", "batch_norm": false, "dropout": false, "hidden_size": 80, "avg_num_of_episodes_to_solve": 465.4, "solved": true}, {"init": ["xavier_uniform", null], "activation": "tanh", "batch_norm": false, "dropout": false, "hidden_size": 256, "avg_num_of_episodes_to_solve": 479.6, "solved": true}, {"init": ["xavier_uniform", null], "activation": "none", "batch_norm": true, "dropout": false, "hidden_size": 1, "avg_num_of_episodes_to_solve": 5000.0, "solved": false}, {"init": ["xavier_uniform", null], "activation": "none", "batch_norm": true, "dropout": false, "hidden_size": 10, "avg_num_of_episodes_to_solve": 5000.0, "solved": false}, {"init": ["xavier_uniform", null], "activation": "none", "batch_norm": true, "dropout": false, "hidden_size": 20, "avg_num_of_episodes_to_solve": 5000.0, "solved": false}, {"init": ["xavier_uniform", null], "activation": "none", "batch_norm": true, "dropout": false, "hidden_size": 80, "avg_num_of_episodes_to_solve": 5000.0, "solved": false}, {"init": ["xavier_uniform", null], "activation": "none", "batch_norm": true, "dropout": false, "hidden_size": 256, "avg_num_of_episodes_to_solve": 5000.0, "solved": false}, {"init": ["xavier_uniform", null], "activation": "relu", "batch_norm": true, "dropout": false, "hidden_size": 1, "avg_num_of_episodes_to_solve": 5000.0, "solved": false}, {"init": ["xavier_uniform", null], "activation": "relu", "batch_norm": true, "dropout": false, "hidden_size": 10, "avg_num_of_episodes_to_solve": 3800.0, "solved": false}, {"init": ["xavier_uniform", null], "activation": "relu", "batch_norm": true, "dropout": false, "hidden_size": 20, "avg_num_of_episodes_to_solve": 4138.6, "solved": true}, {"init": ["xavier_uniform", null], "activation": "relu", "batch_norm": true, "dropout": false, "hidden_size": 80, "avg_num_of_episodes_to_solve": 3977.3333333333335, "solved": false}, {"init": ["xavier_uniform", null], "activation": "relu", "batch_norm": true, "dropout": false, "hidden_size": 256, "avg_num_of_episodes_to_solve": 5000.0, "solved": false}, {"init": ["xavier_uniform", null], "activation": "leakyrelu", "batch_norm": true, "dropout": false, "hidden_size": 1, "avg_num_of_episodes_to_solve": 5000.0, "solved": false}, {"init": ["xavier_uniform", null], "activation": "leakyrelu", "batch_norm": true, "dropout": false, "hidden_size": 10, "avg_num_of_episodes_to_solve": 5000.0, "solved": false}, {"init": ["xavier_uniform", null], "activation": "leakyrelu", "batch_norm": true, "dropout": false, "hidden_size": 20, "avg_num_of_episodes_to_solve": 5000.0, "solved": false}, {"init": ["xavier_uniform", null], "activation": "leakyrelu", "batch_norm": true, "dropout": false, "hidden_size": 80, "avg_num_of_episodes_to_solve": 4020.0, "solved": true}, {"init": ["xavier_uniform", null], "activation": "leakyrelu", "batch_norm": true, "dropout": false, "hidden_size": 256, "avg_num_of_episodes_to_solve": 4474.5, "solved": false}, {"init": ["xavier_uniform", null], "activation": "tanh", "batch_norm": true, "dropout": false, "hidden_size": 1, "avg_num_of_episodes_to_solve": 5000.0, "solved": false}, {"init": ["xavier_uniform", null], "activation": "tanh", "batch_norm": true, "dropout": false, "hidden_size": 10, "avg_num_of_episodes_to_solve": 1062.4, "solved": true}, {"init": ["xavier_uniform", null], "activation": "tanh", "batch_norm": true, "dropout": false, "hidden_size": 20, "avg_num_of_episodes_to_solve": 5000.0, "solved": false}, {"init": ["xavier_uniform", null], "activation": "tanh", "batch_norm": true, "dropout": false, "hidden_size": 80, "avg_num_of_episodes_to_solve": 4049.5, "solved": false}, {"init": ["xavier_uniform", null], "activation": "tanh", "batch_norm": true, "dropout": false, "hidden_size": 256, "avg_num_of_episodes_to_solve": 2394.0, "solved": true},{"init": ["const", 0.1], "activation": "none", "batch_norm": false, "dropout": false, "hidden_size": 1, "avg_num_of_episodes_to_solve": 5000.0, "solved": false}, {"init": ["const", 0.1], "activation": "none", "batch_norm": false, "dropout": false, "hidden_size": 10, "avg_num_of_episodes_to_solve": 5000.0, "solved": false}, {"init": ["const", 0.1], "activation": "none", "batch_norm": false, "dropout": false, "hidden_size": 20, "avg_num_of_episodes_to_solve": 5000.0, "solved": false}, {"init": ["const", 0.1], "activation": "none", "batch_norm": false, "dropout": false, "hidden_size": 80, "avg_num_of_episodes_to_solve": 5000.0, "solved": false}, {"init": ["const", 0.1], "activation": "none", "batch_norm": false, "dropout": false, "hidden_size": 256, "avg_num_of_episodes_to_solve": 5000.0, "solved": false}, {"init": ["const", 0.1], "activation": "relu", "batch_norm": false, "dropout": false, "hidden_size": 1, "avg_num_of_episodes_to_solve": 5000.0, "solved": false}, {"init": ["const", 0.1], "activation": "relu", "batch_norm": false, "dropout": false, "hidden_size": 10, "avg_num_of_episodes_to_solve": 5000.0, "solved": false}, {"init": ["const", 0.1], "activation": "relu", "batch_norm": false, "dropout": false, "hidden_size": 20, "avg_num_of_episodes_to_solve": 3720.5, "solved": false}, {"init": ["const", 0.1], "activation": "relu", "batch_norm": false, "dropout": false, "hidden_size": 80, "avg_num_of_episodes_to_solve": 506.6, "solved": true}, {"init": ["const", 0.1], "activation": "relu", "batch_norm": false, "dropout": false, "hidden_size": 256, "avg_num_of_episodes_to_solve": 575.4, "solved": true}, {"init": ["const", 0.1], "activation": "leakyrelu", "batch_norm": false, "dropout": false, "hidden_size": 1, "avg_num_of_episodes_to_solve": 5000.0, "solved": false}, {"init": ["const", 0.1], "activation": "leakyrelu", "batch_norm": false, "dropout": false, "hidden_size": 10, "avg_num_of_episodes_to_solve": 5000.0, "solved": false}, {"init": ["const", 0.1], "activation": "leakyrelu", "batch_norm": false, "dropout": false, "hidden_size": 20, "avg_num_of_episodes_to_solve": 1317.4, "solved": true}, {"init": ["const", 0.1], "activation": "leakyrelu", "batch_norm": false, "dropout": false, "hidden_size": 80, "avg_num_of_episodes_to_solve": 780.6, "solved": true}, {"init": ["const", 0.1], "activation": "leakyrelu", "batch_norm": false, "dropout": false, "hidden_size": 256, "avg_num_of_episodes_to_solve": 654.8, "solved": true}, {"init": ["const", 0.1], "activation": "tanh", "batch_norm": false, "dropout": false, "hidden_size": 1, "avg_num_of_episodes_to_solve": 5000.0, "solved": false}, {"init": ["const", 0.1], "activation": "tanh", "batch_norm": false, "dropout": false, "hidden_size": 10, "avg_num_of_episodes_to_solve": 2568.6666666666665, "solved": false}, {"init": ["const", 0.1], "activation": "tanh", "batch_norm": false, "dropout": false, "hidden_size": 20, "avg_num_of_episodes_to_solve": 1152.4, "solved": true}, {"init": ["const", 0.1], "activation": "tanh", "batch_norm": false, "dropout": false, "hidden_size": 80, "avg_num_of_episodes_to_solve": 430.2, "solved": true}, {"init": ["const", 0.1], "activation": "tanh", "batch_norm": false, "dropout": false, "hidden_size": 256, "avg_num_of_episodes_to_solve": 528.4, "solved": true}, {"init": ["const", 30], "activation": "none", "batch_norm": false, "dropout": false, "hidden_size": 1, "avg_num_of_episodes_to_solve": 5000.0, "solved": false}, {"init": ["const", 30], "activation": "none", "batch_norm": false, "dropout": false, "hidden_size": 10, "avg_num_of_episodes_to_solve": 5000.0, "solved": false}, {"init": ["const", 30], "activation": "none", "batch_norm": false, "dropout": false, "hidden_size": 20, "avg_num_of_episodes_to_solve": 5000.0, "solved": false}, {"init": ["const", 30], "activation": "none", "batch_norm": false, "dropout": false, "hidden_size": 80, "avg_num_of_episodes_to_solve": 5000.0, "solved": false}, {"init": ["const", 30], "activation": "none", "batch_norm": false, "dropout": false, "hidden_size": 256, "avg_num_of_episodes_to_solve": 5000.0, "solved": false}, {"init": ["const", 30], "activation": "relu", "batch_norm": false, "dropout": false, "hidden_size": 1, "avg_num_of_episodes_to_solve": 5000.0, "solved": false}, {"init": ["const", 30], "activation": "relu", "batch_norm": false, "dropout": false, "hidden_size": 10, "avg_num_of_episodes_to_solve": 5000.0, "solved": false}, {"init": ["const", 30], "activation": "relu", "batch_norm": false, "dropout": false, "hidden_size": 20, "avg_num_of_episodes_to_solve": 5000.0, "solved": false}, {"init": ["const", 30], "activation": "relu", "batch_norm": false, "dropout": false, "hidden_size": 80, "avg_num_of_episodes_to_solve": 5000.0, "solved": false}, {"init": ["const", 30], "activation": "relu", "batch_norm": false, "dropout": false, "hidden_size": 256, "avg_num_of_episodes_to_solve": 5000.0, "solved": false}, {"init": ["const", 30], "activation": "leakyrelu", "batch_norm": false, "dropout": false, "hidden_size": 1, "avg_num_of_episodes_to_solve": 5000.0, "solved": false}, {"init": ["const", 30], "activation": "leakyrelu", "batch_norm": false, "dropout": false, "hidden_size": 10, "avg_num_of_episodes_to_solve": 5000.0, "solved": false}, {"init": ["const", 30], "activation": "leakyrelu", "batch_norm": false, "dropout": false, "hidden_size": 20, "avg_num_of_episodes_to_solve": 5000.0, "solved": false}, {"init": ["const", 30], "activation": "leakyrelu", "batch_norm": false, "dropout": false, "hidden_size": 80, "avg_num_of_episodes_to_solve": 5000.0, "solved": false}, {"init": ["const", 30], "activation": "leakyrelu", "batch_norm": false, "dropout": false, "hidden_size": 256, "avg_num_of_episodes_to_solve": 5000.0, "solved": false}, {"init": ["const", 30], "activation": "tanh", "batch_norm": false, "dropout": false, "hidden_size": 1, "avg_num_of_episodes_to_solve": 5000.0, "solved": false}, {"init": ["const", 30], "activation": "tanh", "batch_norm": false, "dropout": false, "hidden_size": 10, "avg_num_of_episodes_to_solve": 5000.0, "solved": false}, {"init": ["const", 30], "activation": "tanh", "batch_norm": false, "dropout": false, "hidden_size": 20, "avg_num_of_episodes_to_solve": 4871.5, "solved": false}, {"init": ["const", 30], "activation": "tanh", "batch_norm": false, "dropout": false, "hidden_size": 80, "avg_num_of_episodes_to_solve": 2842.4, "solved": true}, {"init": ["const", 30], "activation": "tanh", "batch_norm": false, "dropout": false, "hidden_size": 256, "avg_num_of_episodes_to_solve": 2480.0, "solved": true}, {"init": ["uniform", 0.1], "activation": "none", "batch_norm": false, "dropout": false, "hidden_size": 1, "avg_num_of_episodes_to_solve": 5000.0, "solved": false}, {"init": ["uniform", 0.1], "activation": "none", "batch_norm": false, "dropout": false, "hidden_size": 10, "avg_num_of_episodes_to_solve": 5000.0, "solved": false}, {"init": ["uniform", 0.1], "activation": "none", "batch_norm": false, "dropout": false, "hidden_size": 20, "avg_num_of_episodes_to_solve": 5000.0, "solved": false}, {"init": ["uniform", 0.1], "activation": "none", "batch_norm": false, "dropout": false, "hidden_size": 80, "avg_num_of_episodes_to_solve": 5000.0, "solved": false}, {"init": ["uniform", 0.1], "activation": "none", "batch_norm": false, "dropout": false, "hidden_size": 256, "avg_num_of_episodes_to_solve": 5000.0, "solved": false}, {"init": ["uniform", 0.1], "activation": "relu", "batch_norm": false, "dropout": false, "hidden_size": 1, "avg_num_of_episodes_to_solve": 5000.0, "solved": false}, {"init": ["uniform", 0.1], "activation": "relu", "batch_norm": false, "dropout": false, "hidden_size": 10, "avg_num_of_episodes_to_solve": 5000.0, "solved": false}, {"init": ["uniform", 0.1], "activation": "relu", "batch_norm": false, "dropout": false, "hidden_size": 20, "avg_num_of_episodes_to_solve": 5000.0, "solved": false}, {"init": ["uniform", 0.1], "activation": "relu", "batch_norm": false, "dropout": false, "hidden_size": 80, "avg_num_of_episodes_to_solve": 469.0, "solved": true}, {"init": ["uniform", 0.1], "activation": "relu", "batch_norm": false, "dropout": false, "hidden_size": 256, "avg_num_of_episodes_to_solve": 478.2, "solved": true}, {"init": ["uniform", 0.1], "activation": "leakyrelu", "batch_norm": false, "dropout": false, "hidden_size": 1, "avg_num_of_episodes_to_solve": 5000.0, "solved": false}, {"init": ["uniform", 0.1], "activation": "leakyrelu", "batch_norm": false, "dropout": false, "hidden_size": 10, "avg_num_of_episodes_to_solve": 5000.0, "solved": false}, {"init": ["uniform", 0.1], "activation": "leakyrelu", "batch_norm": false, "dropout": false, "hidden_size": 20, "avg_num_of_episodes_to_solve": 2831.0, "solved": false}, {"init": ["uniform", 0.1], "activation": "leakyrelu", "batch_norm": false, "dropout": false, "hidden_size": 80, "avg_num_of_episodes_to_solve": 681.4, "solved": true}, {"init": ["uniform", 0.1], "activation": "leakyrelu", "batch_norm": false, "dropout": false, "hidden_size": 256, "avg_num_of_episodes_to_solve": 530.4, "solved": true}, {"init": ["uniform", 0.1], "activation": "tanh", "batch_norm": false, "dropout": false, "hidden_size": 1, "avg_num_of_episodes_to_solve": 5000.0, "solved": false}, {"init": ["uniform", 0.1], "activation": "tanh", "batch_norm": false, "dropout": false, "hidden_size": 10, "avg_num_of_episodes_to_solve": 2822.75, "solved": false}, {"init": ["uniform", 0.1], "activation": "tanh", "batch_norm": false, "dropout": false, "hidden_size": 20, "avg_num_of_episodes_to_solve": 1385.6, "solved": true}, {"init": ["uniform", 0.1], "activation": "tanh", "batch_norm": false, "dropout": false, "hidden_size": 80, "avg_num_of_episodes_to_solve": 436.0, "solved": true}, {"init": ["uniform", 0.1], "activation": "tanh", "batch_norm": false, "dropout": false, "hidden_size": 256, "avg_num_of_episodes_to_solve": 447.8, "solved": true}, {"init": ["uniform", 30], "activation": "none", "batch_norm": false, "dropout": false, "hidden_size": 1, "avg_num_of_episodes_to_solve": 5000.0, "solved": false}, {"init": ["uniform", 30], "activation": "none", "batch_norm": false, "dropout": false, "hidden_size": 10, "avg_num_of_episodes_to_solve": 5000.0, "solved": false}, {"init": ["uniform", 30], "activation": "none", "batch_norm": false, "dropout": false, "hidden_size": 20, "avg_num_of_episodes_to_solve": 5000.0, "solved": false}, {"init": ["uniform", 30], "activation": "none", "batch_norm": false, "dropout": false, "hidden_size": 80, "avg_num_of_episodes_to_solve": 5000.0, "solved": false}, {"init": ["uniform", 30], "activation": "none", "batch_norm": false, "dropout": false, "hidden_size": 256, "avg_num_of_episodes_to_solve": 5000.0, "solved": false}, {"init": ["uniform", 30], "activation": "relu", "batch_norm": false, "dropout": false, "hidden_size": 1, "avg_num_of_episodes_to_solve": 5000.0, "solved": false}, {"init": ["uniform", 30], "activation": "relu", "batch_norm": false, "dropout": false, "hidden_size": 10, "avg_num_of_episodes_to_solve": 5000.0, "solved": false}, {"init": ["uniform", 30], "activation": "relu", "batch_norm": false, "dropout": false, "hidden_size": 20, "avg_num_of_episodes_to_solve": 4111.4, "solved": false}, {"init": ["uniform", 30], "activation": "relu", "batch_norm": false, "dropout": false, "hidden_size": 80, "avg_num_of_episodes_to_solve": 3595.5, "solved": false}, {"init": ["uniform", 30], "activation": "relu", "batch_norm": false, "dropout": false, "hidden_size": 256, "avg_num_of_episodes_to_solve": 2059.4, "solved": true}, {"init": ["uniform", 30], "activation": "leakyrelu", "batch_norm": false, "dropout": false, "hidden_size": 1, "avg_num_of_episodes_to_solve": 5000.0, "solved": false}, {"init": ["uniform", 30], "activation": "leakyrelu", "batch_norm": false, "dropout": false, "hidden_size": 10, "avg_num_of_episodes_to_solve": 3820.25, "solved": false}, {"init": ["uniform", 30], "activation": "leakyrelu", "batch_norm": false, "dropout": false, "hidden_size": 20, "avg_num_of_episodes_to_solve": 4816.0, "solved": false}, {"init": ["uniform", 30], "activation": "leakyrelu", "batch_norm": false, "dropout": false, "hidden_size": 80, "avg_num_of_episodes_to_solve": 2894.8, "solved": true}, {"init": ["uniform", 30], "activation": "leakyrelu", "batch_norm": false, "dropout": false, "hidden_size": 256, "avg_num_of_episodes_to_solve": 3046.0, "solved": false}, {"init": ["uniform", 30], "activation": "tanh", "batch_norm": false, "dropout": false, "hidden_size": 1, "avg_num_of_episodes_to_solve": 5000.0, "solved": false}, {"init": ["uniform", 30], "activation": "tanh", "batch_norm": false, "dropout": false, "hidden_size": 10, "avg_num_of_episodes_to_solve": 2993.4, "solved": true}, {"init": ["uniform", 30], "activation": "tanh", "batch_norm": false, "dropout": false, "hidden_size": 20, "avg_num_of_episodes_to_solve": 2194.8, "solved": true}, {"init": ["uniform", 30], "activation": "tanh", "batch_norm": false, "dropout": false, "hidden_size": 80, "avg_num_of_episodes_to_solve": 1126.6, "solved": true}, {"init": ["uniform", 30], "activation": "tanh", "batch_norm": false, "dropout": false, "hidden_size": 256, "avg_num_of_episodes_to_solve": 666.2, "solved": true}, {"init": ["pytorch_default", null], "activation": "none", "batch_norm": false, "dropout": false, "hidden_size": 1, "avg_num_of_episodes_to_solve": 5000.0, "solved": false}, {"init": ["pytorch_default", null], "activation": "none", "batch_norm": false, "dropout": false, "hidden_size": 10, "avg_num_of_episodes_to_solve": 5000.0, "solved": false}, {"init": ["pytorch_default", null], "activation": "none", "batch_norm": false, "dropout": false, "hidden_size": 20, "avg_num_of_episodes_to_solve": 5000.0, "solved": false}, {"init": ["pytorch_default", null], "activation": "none", "batch_norm": false, "dropout": false, "hidden_size": 80, "avg_num_of_episodes_to_solve": 5000.0, "solved": false}, {"init": ["pytorch_default", null], "activation": "none", "batch_norm": false, "dropout": false, "hidden_size": 256, "avg_num_of_episodes_to_solve": 5000.0, "solved": false}, {"init": ["pytorch_default", null], "activation": "relu", "batch_norm": false, "dropout": false, "hidden_size": 1, "avg_num_of_episodes_to_solve": 5000.0, "solved": false}, {"init": ["pytorch_default", null], "activation": "relu", "batch_norm": false, "dropout": false, "hidden_size": 10, "avg_num_of_episodes_to_solve": 3395.3333333333335, "solved": false}, {"init": ["pytorch_default", null], "activation": "relu", "batch_norm": false, "dropout": false, "hidden_size": 20, "avg_num_of_episodes_to_solve": 3355.5, "solved": false}, {"init": ["pytorch_default", null], "activation": "relu", "batch_norm": false, "dropout": false, "hidden_size": 80, "avg_num_of_episodes_to_solve": 2101.6666666666665, "solved": false}, {"init": ["pytorch_default", null], "activation": "relu", "batch_norm": false, "dropout": false, "hidden_size": 256, "avg_num_of_episodes_to_solve": 550.0, "solved": true}, {"init": ["pytorch_default", null], "activation": "leakyrelu", "batch_norm": false, "dropout": false, "hidden_size": 1, "avg_num_of_episodes_to_solve": 5000.0, "solved": false}, {"init": ["pytorch_default", null], "activation": "leakyrelu", "batch_norm": false, "dropout": false, "hidden_size": 10, "avg_num_of_episodes_to_solve": 1837.2, "solved": false}, {"init": ["pytorch_default", null], "activation": "leakyrelu", "batch_norm": false, "dropout": false, "hidden_size": 20, "avg_num_of_episodes_to_solve": 1590.25, "solved": false}, {"init": ["pytorch_default", null], "activation": "leakyrelu", "batch_norm": false, "dropout": false, "hidden_size": 80, "avg_num_of_episodes_to_solve": 484.0, "solved": true}, {"init": ["pytorch_default", null], "activation": "leakyrelu", "batch_norm": false, "dropout": false, "hidden_size": 256, "avg_num_of_episodes_to_solve": 587.4, "solved": true}, {"init": ["pytorch_default", null], "activation": "tanh", "batch_norm": false, "dropout": false, "hidden_size": 1, "avg_num_of_episodes_to_solve": 5000.0, "solved": false}, {"init": ["pytorch_default", null], "activation": "tanh", "batch_norm": false, "dropout": false, "hidden_size": 10, "avg_num_of_episodes_to_solve": 3333.6666666666665, "solved": false}, {"init": ["pytorch_default", null], "activation": "tanh", "batch_norm": false, "dropout": false, "hidden_size": 20, "avg_num_of_episodes_to_solve": 946.2, "solved": true}, {"init": ["pytorch_default", null], "activation": "tanh", "batch_norm": false, "dropout": false, "hidden_size": 80, "avg_num_of_episodes_to_solve": 461.6, "solved": true}, {"init": ["pytorch_default", null], "activation": "tanh", "batch_norm": false, "dropout": false, "hidden_size": 256, "avg_num_of_episodes_to_solve": 392.8, "solved": true}, {"init": ["const", 0.1], "activation": "none", "batch_norm": true, "dropout": false, "hidden_size": 1, "avg_num_of_episodes_to_solve": 5000.0, "solved": false}, {"init": ["const", 0.1], "activation": "none", "batch_norm": true, "dropout": false, "hidden_size": 10, "avg_num_of_episodes_to_solve": 5000.0, "solved": false}, {"init": ["const", 0.1], "activation": "none", "batch_norm": true, "dropout": false, "hidden_size": 20, "avg_num_of_episodes_to_solve": 5000.0, "solved": false}, {"init": ["const", 0.1], "activation": "none", "batch_norm": true, "dropout": false, "hidden_size": 80, "avg_num_of_episodes_to_solve": 5000.0, "solved": false}, {"init": ["const", 0.1], "activation": "none", "batch_norm": true, "dropout": false, "hidden_size": 256, "avg_num_of_episodes_to_solve": 5000.0, "solved": false}, {"init": ["const", 0.1], "activation": "relu", "batch_norm": true, "dropout": false, "hidden_size": 1, "avg_num_of_episodes_to_solve": 5000.0, "solved": false}, {"init": ["const", 0.1], "activation": "relu", "batch_norm": true, "dropout": false, "hidden_size": 10, "avg_num_of_episodes_to_solve": 5000.0, "solved": false}, {"init": ["const", 0.1], "activation": "relu", "batch_norm": true, "dropout": false, "hidden_size": 20, "avg_num_of_episodes_to_solve": 4683.0, "solved": false}, {"init": ["const", 0.1], "activation": "relu", "batch_norm": true, "dropout": false, "hidden_size": 80, "avg_num_of_episodes_to_solve": 5000.0, "solved": false}, {"init": ["const", 0.1], "activation": "relu", "batch_norm": true, "dropout": false, "hidden_size": 256, "avg_num_of_episodes_to_solve": 5000.0, "solved": false}, {"init": ["const", 0.1], "activation": "leakyrelu", "batch_norm": true, "dropout": false, "hidden_size": 1, "avg_num_of_episodes_to_solve": 5000.0, "solved": false}, {"init": ["const", 0.1], "activation": "leakyrelu", "batch_norm": true, "dropout": false, "hidden_size": 10, "avg_num_of_episodes_to_solve": 5000.0, "solved": false}, {"init": ["const", 0.1], "activation": "leakyrelu", "batch_norm": true, "dropout": false, "hidden_size": 20, "avg_num_of_episodes_to_solve": 3640.0, "solved": false}, {"init": ["const", 0.1], "activation": "leakyrelu", "batch_norm": true, "dropout": false, "hidden_size": 80, "avg_num_of_episodes_to_solve": 5000.0, "solved": false}, {"init": ["const", 0.1], "activation": "leakyrelu", "batch_norm": true, "dropout": false, "hidden_size": 256, "avg_num_of_episodes_to_solve": 5000.0, "solved": false}, {"init": ["const", 0.1], "activation": "tanh", "batch_norm": true, "dropout": false, "hidden_size": 1, "avg_num_of_episodes_to_solve": 5000.0, "solved": false}, {"init": ["const", 0.1], "activation": "tanh", "batch_norm": true, "dropout": false, "hidden_size": 10, "avg_num_of_episodes_to_solve": 3062.0, "solved": false}, {"init": ["const", 0.1], "activation": "tanh", "batch_norm": true, "dropout": false, "hidden_size": 20, "avg_num_of_episodes_to_solve": 5000.0, "solved": false}, {"init": ["const", 0.1], "activation": "tanh", "batch_norm": true, "dropout": false, "hidden_size": 80, "avg_num_of_episodes_to_solve": 1424.6, "solved": true}, {"init": ["const", 0.1], "activation": "tanh", "batch_norm": true, "dropout": false, "hidden_size": 256, "avg_num_of_episodes_to_solve": 2187.4, "solved": true}, {"init": ["const", 30], "activation": "none", "batch_norm": true, "dropout": false, "hidden_size": 1, "avg_num_of_episodes_to_solve": 5000.0, "solved": false}, {"init": ["const", 30], "activation": "none", "batch_norm": true, "dropout": false, "hidden_size": 10, "avg_num_of_episodes_to_solve": 5000.0, "solved": false}, {"init": ["const", 30], "activation": "none", "batch_norm": true, "dropout": false, "hidden_size": 20, "avg_num_of_episodes_to_solve": 5000.0, "solved": false}, {"init": ["const", 30], "activation": "none", "batch_norm": true, "dropout": false, "hidden_size": 80, "avg_num_of_episodes_to_solve": 5000.0, "solved": false}, {"init": ["const", 30], "activation": "none", "batch_norm": true, "dropout": false, "hidden_size": 256, "avg_num_of_episodes_to_solve": 5000.0, "solved": false}, {"init": ["const", 30], "activation": "relu", "batch_norm": true, "dropout": false, "hidden_size": 1, "avg_num_of_episodes_to_solve": 5000.0, "solved": false}, {"init": ["const", 30], "activation": "relu", "batch_norm": true, "dropout": false, "hidden_size": 10, "avg_num_of_episodes_to_solve": 5000.0, "solved": false}, {"init": ["const", 30], "activation": "relu", "batch_norm": true, "dropout": false, "hidden_size": 20, "avg_num_of_episodes_to_solve": 5000.0, "solved": false}, {"init": ["const", 30], "activation": "relu", "batch_norm": true, "dropout": false, "hidden_size": 80, "avg_num_of_episodes_to_solve": 5000.0, "solved": false}, {"init": ["const", 30], "activation": "relu", "batch_norm": true, "dropout": false, "hidden_size": 256, "avg_num_of_episodes_to_solve": 5000.0, "solved": false}, {"init": ["const", 30], "activation": "leakyrelu", "batch_norm": true, "dropout": false, "hidden_size": 1, "avg_num_of_episodes_to_solve": 5000.0, "solved": false}, {"init": ["const", 30], "activation": "leakyrelu", "batch_norm": true, "dropout": false, "hidden_size": 10, "avg_num_of_episodes_to_solve": 5000.0, "solved": false}, {"init": ["const", 30], "activation": "leakyrelu", "batch_norm": true, "dropout": false, "hidden_size": 20, "avg_num_of_episodes_to_solve": 5000.0, "solved": false}, {"init": ["const", 30], "activation": "leakyrelu", "batch_norm": true, "dropout": false, "hidden_size": 80, "avg_num_of_episodes_to_solve": 5000.0, "solved": false}, {"init": ["const", 30], "activation": "leakyrelu", "batch_norm": true, "dropout": false, "hidden_size": 256, "avg_num_of_episodes_to_solve": 5000.0, "solved": false}, {"init": ["const", 30], "activation": "tanh", "batch_norm": true, "dropout": false, "hidden_size": 1, "avg_num_of_episodes_to_solve": 5000.0, "solved": false}, {"init": ["const", 30], "activation": "tanh", "batch_norm": true, "dropout": false, "hidden_size": 10, "avg_num_of_episodes_to_solve": 5000.0, "solved": false}, {"init": ["const", 30], "activation": "tanh", "batch_norm": true, "dropout": false, "hidden_size": 20, "avg_num_of_episodes_to_solve": 5000.0, "solved": false}, {"init": ["const", 30], "activation": "tanh", "batch_norm": true, "dropout": false, "hidden_size": 80, "avg_num_of_episodes_to_solve": 5000.0, "solved": false}, {"init": ["const", 30], "activation": "tanh", "batch_norm": true, "dropout": false, "hidden_size": 256, "avg_num_of_episodes_to_solve": 5000.0, "solved": false}, {"init": ["uniform", 0.1], "activation": "none", "batch_norm": true, "dropout": false, "hidden_size": 1, "avg_num_of_episodes_to_solve": 5000.0, "solved": false}, {"init": ["uniform", 0.1], "activation": "none", "batch_norm": true, "dropout": false, "hidden_size": 10, "avg_num_of_episodes_to_solve": 5000.0, "solved": false}, {"init": ["uniform", 0.1], "activation": "none", "batch_norm": true, "dropout": false, "hidden_size": 20, "avg_num_of_episodes_to_solve": 5000.0, "solved": false}, {"init": ["uniform", 0.1], "activation": "none", "batch_norm": true, "dropout": false, "hidden_size": 80, "avg_num_of_episodes_to_solve": 5000.0, "solved": false}, {"init": ["uniform", 0.1], "activation": "none", "batch_norm": true, "dropout": false, "hidden_size": 256, "avg_num_of_episodes_to_solve": 5000.0, "solved": false}, {"init": ["uniform", 0.1], "activation": "relu", "batch_norm": true, "dropout": false, "hidden_size": 1, "avg_num_of_episodes_to_solve": 5000.0, "solved": false}, {"init": ["uniform", 0.1], "activation": "relu", "batch_norm": true, "dropout": false, "hidden_size": 10, "avg_num_of_episodes_to_solve": 3927.2, "solved": false}, {"init": ["uniform", 0.1], "activation": "relu", "batch_norm": true, "dropout": false, "hidden_size": 20, "avg_num_of_episodes_to_solve": 4392.5, "solved": false}, {"init": ["uniform", 0.1], "activation": "relu", "batch_norm": true, "dropout": false, "hidden_size": 80, "avg_num_of_episodes_to_solve": 5000.0, "solved": false}, {"init": ["uniform", 0.1], "activation": "relu", "batch_norm": true, "dropout": false, "hidden_size": 256, "avg_num_of_episodes_to_solve": 5000.0, "solved": false}, {"init": ["uniform", 0.1], "activation": "leakyrelu", "batch_norm": true, "dropout": false, "hidden_size": 1, "avg_num_of_episodes_to_solve": 5000.0, "solved": false}, {"init": ["uniform", 0.1], "activation": "leakyrelu", "batch_norm": true, "dropout": false, "hidden_size": 10, "avg_num_of_episodes_to_solve": 5000.0, "solved": false}, {"init": ["uniform", 0.1], "activation": "leakyrelu", "batch_norm": true, "dropout": false, "hidden_size": 20, "avg_num_of_episodes_to_solve": 4088.0, "solved": false}, {"init": ["uniform", 0.1], "activation": "leakyrelu", "batch_norm": true, "dropout": false, "hidden_size": 80, "avg_num_of_episodes_to_solve": 5000.0, "solved": false}, {"init": ["uniform", 0.1], "activation": "leakyrelu", "batch_norm": true, "dropout": false, "hidden_size": 256, "avg_num_of_episodes_to_solve": 3728.8, "solved": true}, {"init": ["uniform", 0.1], "activation": "tanh", "batch_norm": true, "dropout": false, "hidden_size": 1, "avg_num_of_episodes_to_solve": 5000.0, "solved": false}, {"init": ["uniform", 0.1], "activation": "tanh", "batch_norm": true, "dropout": false, "hidden_size": 10, "avg_num_of_episodes_to_solve": 954.2, "solved": true}, {"init": ["uniform", 0.1], "activation": "tanh", "batch_norm": true, "dropout": false, "hidden_size": 20, "avg_num_of_episodes_to_solve": 2113.0, "solved": true}, {"init": ["uniform", 0.1], "activation": "tanh", "batch_norm": true, "dropout": false, "hidden_size": 80, "avg_num_of_episodes_to_solve": 3182.0, "solved": true}, {"init": ["uniform", 0.1], "activation": "tanh", "batch_norm": true, "dropout": false, "hidden_size": 256, "avg_num_of_episodes_to_solve": 3928.3333333333335, "solved": false}, {"init": ["uniform", 30], "activation": "none", "batch_norm": true, "dropout": false, "hidden_size": 1, "avg_num_of_episodes_to_solve": 5000.0, "solved": false}, {"init": ["uniform", 30], "activation": "none", "batch_norm": true, "dropout": false, "hidden_size": 10, "avg_num_of_episodes_to_solve": 5000.0, "solved": false}, {"init": ["uniform", 30], "activation": "none", "batch_norm": true, "dropout": false, "hidden_size": 20, "avg_num_of_episodes_to_solve": 5000.0, "solved": false}, {"init": ["uniform", 30], "activation": "none", "batch_norm": true, "dropout": false, "hidden_size": 80, "avg_num_of_episodes_to_solve": 5000.0, "solved": false}, {"init": ["uniform", 30], "activation": "none", "batch_norm": true, "dropout": false, "hidden_size": 256, "avg_num_of_episodes_to_solve": 5000.0, "solved": false}, {"init": ["uniform", 30], "activation": "relu", "batch_norm": true, "dropout": false, "hidden_size": 1, "avg_num_of_episodes_to_solve": 5000.0, "solved": false}, {"init": ["uniform", 30], "activation": "relu", "batch_norm": true, "dropout": false, "hidden_size": 10, "avg_num_of_episodes_to_solve": 5000.0, "solved": false}, {"init": ["uniform", 30], "activation": "relu", "batch_norm": true, "dropout": false, "hidden_size": 20, "avg_num_of_episodes_to_solve": 5000.0, "solved": false}, {"init": ["uniform", 30], "activation": "relu", "batch_norm": true, "dropout": false, "hidden_size": 80, "avg_num_of_episodes_to_solve": 5000.0, "solved": false}, {"init": ["uniform", 30], "activation": "relu", "batch_norm": true, "dropout": false, "hidden_size": 256, "avg_num_of_episodes_to_solve": 5000.0, "solved": false}, {"init": ["uniform", 30], "activation": "leakyrelu", "batch_norm": true, "dropout": false, "hidden_size": 1, "avg_num_of_episodes_to_solve": 5000.0, "solved": false}, {"init": ["uniform", 30], "activation": "leakyrelu", "batch_norm": true, "dropout": false, "hidden_size": 10, "avg_num_of_episodes_to_solve": 5000.0, "solved": false}, {"init": ["uniform", 30], "activation": "leakyrelu", "batch_norm": true, "dropout": false, "hidden_size": 20, "avg_num_of_episodes_to_solve": 5000.0, "solved": false}, {"init": ["uniform", 30], "activation": "leakyrelu", "batch_norm": true, "dropout": false, "hidden_size": 80, "avg_num_of_episodes_to_solve": 4445.0, "solved": false}, {"init": ["uniform", 30], "activation": "leakyrelu", "batch_norm": true, "dropout": false, "hidden_size": 256, "avg_num_of_episodes_to_solve": 5000.0, "solved": false}, {"init": ["uniform", 30], "activation": "tanh", "batch_norm": true, "dropout": false, "hidden_size": 1, "avg_num_of_episodes_to_solve": 5000.0, "solved": false}, {"init": ["uniform", 30], "activation": "tanh", "batch_norm": true, "dropout": false, "hidden_size": 10, "avg_num_of_episodes_to_solve": 5000.0, "solved": false}, {"init": ["uniform", 30], "activation": "tanh", "batch_norm": true, "dropout": false, "hidden_size": 20, "avg_num_of_episodes_to_solve": 3596.0, "solved": false}, {"init": ["uniform", 30], "activation": "tanh", "batch_norm": true, "dropout": false, "hidden_size": 80, "avg_num_of_episodes_to_solve": 5000.0, "solved": false}, {"init": ["uniform", 30], "activation": "tanh", "batch_norm": true, "dropout": false, "hidden_size": 256, "avg_num_of_episodes_to_solve": 5000.0, "solved": false}, {"init": ["pytorch_default", null], "activation": "none", "batch_norm": true, "dropout": false, "hidden_size": 1, "avg_num_of_episodes_to_solve": 5000.0, "solved": false}, {"init": ["pytorch_default", null], "activation": "none", "batch_norm": true, "dropout": false, "hidden_size": 10, "avg_num_of_episodes_to_solve": 5000.0, "solved": false}, {"init": ["pytorch_default", null], "activation": "none", "batch_norm": true, "dropout": false, "hidden_size": 20, "avg_num_of_episodes_to_solve": 5000.0, "solved": false}, {"init": ["pytorch_default", null], "activation": "none", "batch_norm": true, "dropout": false, "hidden_size": 80, "avg_num_of_episodes_to_solve": 5000.0, "solved": false}, {"init": ["pytorch_default", null], "activation": "none", "batch_norm": true, "dropout": false, "hidden_size": 256, "avg_num_of_episodes_to_solve": 5000.0, "solved": false}, {"init": ["pytorch_default", null], "activation": "relu", "batch_norm": true, "dropout": false, "hidden_size": 1, "avg_num_of_episodes_to_solve": 5000.0, "solved": false}, {"init": ["pytorch_default", null], "activation": "relu", "batch_norm": true, "dropout": false, "hidden_size": 10, "avg_num_of_episodes_to_solve": 2728.5, "solved": false}, {"init": ["pytorch_default", null], "activation": "relu", "batch_norm": true, "dropout": false, "hidden_size": 20, "avg_num_of_episodes_to_solve": 5000.0, "solved": false}, {"init": ["pytorch_default", null], "activation": "relu", "batch_norm": true, "dropout": false, "hidden_size": 80, "avg_num_of_episodes_to_solve": 5000.0, "solved": false}, {"init": ["pytorch_default", null], "activation": "relu", "batch_norm": true, "dropout": false, "hidden_size": 256, "avg_num_of_episodes_to_solve": 4131.5, "solved": false}, {"init": ["pytorch_default", null], "activation": "leakyrelu", "batch_norm": true, "dropout": false, "hidden_size": 1, "avg_num_of_episodes_to_solve": 5000.0, "solved": false}, {"init": ["pytorch_default", null], "activation": "leakyrelu", "batch_norm": true, "dropout": false, "hidden_size": 10, "avg_num_of_episodes_to_solve": 3253.75, "solved": false}, {"init": ["pytorch_default", null], "activation": "leakyrelu", "batch_norm": true, "dropout": false, "hidden_size": 20, "avg_num_of_episodes_to_solve": 4535.5, "solved": false}, {"init": ["pytorch_default", null], "activation": "leakyrelu", "batch_norm": true, "dropout": false, "hidden_size": 80, "avg_num_of_episodes_to_solve": 4557.666666666667, "solved": false}, {"init": ["pytorch_default", null], "activation": "leakyrelu", "batch_norm": true, "dropout": false, "hidden_size": 256, "avg_num_of_episodes_to_solve": 5000.0, "solved": false}, {"init": ["pytorch_default", null], "activation": "tanh", "batch_norm": true, "dropout": false, "hidden_size": 1, "avg_num_of_episodes_to_solve": 5000.0, "solved": false}, {"init": ["pytorch_default", null], "activation": "tanh", "batch_norm": true, "dropout": false, "hidden_size": 10, "avg_num_of_episodes_to_solve": 2319.5, "solved": false}, {"init": ["pytorch_default", null], "activation": "tanh", "batch_norm": true, "dropout": false, "hidden_size": 20, "avg_num_of_episodes_to_solve": 3074.0, "solved": false}, {"init": ["pytorch_default", null], "activation": "tanh", "batch_norm": true, "dropout": false, "hidden_size": 80, "avg_num_of_episodes_to_solve": 3641.6, "solved": true}, {"init": ["pytorch_default", null], "activation": "tanh", "batch_norm": true, "dropout": false, "hidden_size": 256, "avg_num_of_episodes_to_solve": 2849.6, "solved": true}]