[{"gamma": 0.92, "optimizer_learning_rate": 0.5, "optimizer_weight_decay": 0.5, "hidden_size": 200, "avg_num_of_episodes_to_solve": 5000.0, "solved": false}, {"gamma": 0.92, "optimizer_learning_rate": 0.5, "optimizer_weight_decay": 0.05, "hidden_size": 200, "avg_num_of_episodes_to_solve": 5000.0, "solved": false}, {"gamma": 0.92, "optimizer_learning_rate": 0.5, "optimizer_weight_decay": 0.005, "hidden_size": 200, "avg_num_of_episodes_to_solve": 5000.0, "solved": false}, {"gamma": 0.92, "optimizer_learning_rate": 0.5, "optimizer_weight_decay": 0.0005, "hidden_size": 200, "avg_num_of_episodes_to_solve": 5000.0, "solved": false}, {"gamma": 0.92, "optimizer_learning_rate": 0.5, "optimizer_weight_decay": 0.5, "hidden_size": 250, "avg_num_of_episodes_to_solve": 5000.0, "solved": false}, {"gamma": 0.92, "optimizer_learning_rate": 0.5, "optimizer_weight_decay": 0.05, "hidden_size": 250, "avg_num_of_episodes_to_solve": 5000.0, "solved": false}, {"gamma": 0.92, "optimizer_learning_rate": 0.5, "optimizer_weight_decay": 0.005, "hidden_size": 250, "avg_num_of_episodes_to_solve": 5000.0, "solved": false}, {"gamma": 0.92, "optimizer_learning_rate": 0.5, "optimizer_weight_decay": 0.0005, "hidden_size": 250, "avg_num_of_episodes_to_solve": 5000.0, "solved": false}, {"gamma": 0.92, "optimizer_learning_rate": 0.5, "optimizer_weight_decay": 0.5, "hidden_size": 300, "avg_num_of_episodes_to_solve": 5000.0, "solved": false}, {"gamma": 0.92, "optimizer_learning_rate": 0.5, "optimizer_weight_decay": 0.05, "hidden_size": 300, "avg_num_of_episodes_to_solve": 5000.0, "solved": false}, {"gamma": 0.92, "optimizer_learning_rate": 0.5, "optimizer_weight_decay": 0.005, "hidden_size": 300, "avg_num_of_episodes_to_solve": 5000.0, "solved": false}, {"gamma": 0.92, "optimizer_learning_rate": 0.5, "optimizer_weight_decay": 0.0005, "hidden_size": 300, "avg_num_of_episodes_to_solve": 5000.0, "solved": false}, {"gamma": 0.92, "optimizer_learning_rate": 0.05, "optimizer_weight_decay": 0.5, "hidden_size": 200, "avg_num_of_episodes_to_solve": 5000.0, "solved": false}, {"gamma": 0.92, "optimizer_learning_rate": 0.05, "optimizer_weight_decay": 0.05, "hidden_size": 200, "avg_num_of_episodes_to_solve": 5000.0, "solved": false}, {"gamma": 0.92, "optimizer_learning_rate": 0.05, "optimizer_weight_decay": 0.005, "hidden_size": 200, "avg_num_of_episodes_to_solve": 5000.0, "solved": false}, {"gamma": 0.92, "optimizer_learning_rate": 0.05, "optimizer_weight_decay": 0.0005, "hidden_size": 200, "avg_num_of_episodes_to_solve": 5000.0, "solved": false}, {"gamma": 0.92, "optimizer_learning_rate": 0.05, "optimizer_weight_decay": 0.5, "hidden_size": 250, "avg_num_of_episodes_to_solve": 5000.0, "solved": false}, {"gamma": 0.92, "optimizer_learning_rate": 0.05, "optimizer_weight_decay": 0.05, "hidden_size": 250, "avg_num_of_episodes_to_solve": 5000.0, "solved": false}, {"gamma": 0.92, "optimizer_learning_rate": 0.05, "optimizer_weight_decay": 0.005, "hidden_size": 250, "avg_num_of_episodes_to_solve": 5000.0, "solved": false}, {"gamma": 0.92, "optimizer_learning_rate": 0.05, "optimizer_weight_decay": 0.0005, "hidden_size": 250, "avg_num_of_episodes_to_solve": 5000.0, "solved": false}, {"gamma": 0.92, "optimizer_learning_rate": 0.05, "optimizer_weight_decay": 0.5, "hidden_size": 300, "avg_num_of_episodes_to_solve": 5000.0, "solved": false}, {"gamma": 0.92, "optimizer_learning_rate": 0.05, "optimizer_weight_decay": 0.05, "hidden_size": 300, "avg_num_of_episodes_to_solve": 5000.0, "solved": false}, {"gamma": 0.92, "optimizer_learning_rate": 0.05, "optimizer_weight_decay": 0.005, "hidden_size": 300, "avg_num_of_episodes_to_solve": 5000.0, "solved": false}, {"gamma": 0.92, "optimizer_learning_rate": 0.05, "optimizer_weight_decay": 0.0005, "hidden_size": 300, "avg_num_of_episodes_to_solve": 5000.0, "solved": false}, {"gamma": 0.92, "optimizer_learning_rate": 0.005, "optimizer_weight_decay": 0.5, "hidden_size": 200, "avg_num_of_episodes_to_solve": 5000.0, "solved": false}, {"gamma": 0.92, "optimizer_learning_rate": 0.005, "optimizer_weight_decay": 0.05, "hidden_size": 200, "avg_num_of_episodes_to_solve": 5000.0, "solved": false}, {"gamma": 0.92, "optimizer_learning_rate": 0.005, "optimizer_weight_decay": 0.005, "hidden_size": 200, "avg_num_of_episodes_to_solve": 5000.0, "solved": false}, {"gamma": 0.92, "optimizer_learning_rate": 0.005, "optimizer_weight_decay": 0.0005, "hidden_size": 200, "avg_num_of_episodes_to_solve": 5000.0, "solved": false}, {"gamma": 0.92, "optimizer_learning_rate": 0.005, "optimizer_weight_decay": 0.5, "hidden_size": 250, "avg_num_of_episodes_to_solve": 5000.0, "solved": false}, {"gamma": 0.92, "optimizer_learning_rate": 0.005, "optimizer_weight_decay": 0.05, "hidden_size": 250, "avg_num_of_episodes_to_solve": 5000.0, "solved": false}, {"gamma": 0.92, "optimizer_learning_rate": 0.005, "optimizer_weight_decay": 0.005, "hidden_size": 250, "avg_num_of_episodes_to_solve": 5000.0, "solved": false}, {"gamma": 0.92, "optimizer_learning_rate": 0.005, "optimizer_weight_decay": 0.0005, "hidden_size": 250, "avg_num_of_episodes_to_solve": 5000.0, "solved": false}, {"gamma": 0.92, "optimizer_learning_rate": 0.005, "optimizer_weight_decay": 0.5, "hidden_size": 300, "avg_num_of_episodes_to_solve": 5000.0, "solved": false}, {"gamma": 0.92, "optimizer_learning_rate": 0.005, "optimizer_weight_decay": 0.05, "hidden_size": 300, "avg_num_of_episodes_to_solve": 5000.0, "solved": false}, {"gamma": 0.92, "optimizer_learning_rate": 0.005, "optimizer_weight_decay": 0.005, "hidden_size": 300, "avg_num_of_episodes_to_solve": 5000.0, "solved": false}, {"gamma": 0.92, "optimizer_learning_rate": 0.005, "optimizer_weight_decay": 0.0005, "hidden_size": 300, "avg_num_of_episodes_to_solve": 5000.0, "solved": false}, {"gamma": 0.92, "optimizer_learning_rate": 0.0005, "optimizer_weight_decay": 0.5, "hidden_size": 200, "avg_num_of_episodes_to_solve": 5000.0, "solved": false}, {"gamma": 0.92, "optimizer_learning_rate": 0.0005, "optimizer_weight_decay": 0.05, "hidden_size": 200, "avg_num_of_episodes_to_solve": 5000.0, "solved": false}, {"gamma": 0.92, "optimizer_learning_rate": 0.0005, "optimizer_weight_decay": 0.005, "hidden_size": 200, "avg_num_of_episodes_to_solve": 678.2, "solved": true}, {"gamma": 0.92, "optimizer_learning_rate": 0.0005, "optimizer_weight_decay": 0.0005, "hidden_size": 200, "avg_num_of_episodes_to_solve": 5000.0, "solved": false}, {"gamma": 0.92, "optimizer_learning_rate": 0.0005, "optimizer_weight_decay": 0.5, "hidden_size": 250, "avg_num_of_episodes_to_solve": 5000.0, "solved": false}, {"gamma": 0.92, "optimizer_learning_rate": 0.0005, "optimizer_weight_decay": 0.05, "hidden_size": 250, "avg_num_of_episodes_to_solve": 5000.0, "solved": false}, {"gamma": 0.92, "optimizer_learning_rate": 0.0005, "optimizer_weight_decay": 0.005, "hidden_size": 250, "avg_num_of_episodes_to_solve": 2123.3333333333335, "solved": false}, {"gamma": 0.92, "optimizer_learning_rate": 0.0005, "optimizer_weight_decay": 0.0005, "hidden_size": 250, "avg_num_of_episodes_to_solve": 5000.0, "solved": false}, {"gamma": 0.92, "optimizer_learning_rate": 0.0005, "optimizer_weight_decay": 0.5, "hidden_size": 300, "avg_num_of_episodes_to_solve": 5000.0, "solved": false}, {"gamma": 0.92, "optimizer_learning_rate": 0.0005, "optimizer_weight_decay": 0.05, "hidden_size": 300, "avg_num_of_episodes_to_solve": 5000.0, "solved": false}, {"gamma": 0.92, "optimizer_learning_rate": 0.0005, "optimizer_weight_decay": 0.005, "hidden_size": 300, "avg_num_of_episodes_to_solve": 5000.0, "solved": false}, {"gamma": 0.92, "optimizer_learning_rate": 0.0005, "optimizer_weight_decay": 0.0005, "hidden_size": 300, "avg_num_of_episodes_to_solve": 3485.0, "solved": false}, {"gamma": 0.92, "optimizer_learning_rate": 0.01, "optimizer_weight_decay": 0.5, "hidden_size": 200, "avg_num_of_episodes_to_solve": 5000.0, "solved": false}, {"gamma": 0.92, "optimizer_learning_rate": 0.01, "optimizer_weight_decay": 0.05, "hidden_size": 200, "avg_num_of_episodes_to_solve": 5000.0, "solved": false}, {"gamma": 0.92, "optimizer_learning_rate": 0.01, "optimizer_weight_decay": 0.005, "hidden_size": 200, "avg_num_of_episodes_to_solve": 5000.0, "solved": false}, {"gamma": 0.92, "optimizer_learning_rate": 0.01, "optimizer_weight_decay": 0.0005, "hidden_size": 200, "avg_num_of_episodes_to_solve": 5000.0, "solved": false}, {"gamma": 0.92, "optimizer_learning_rate": 0.01, "optimizer_weight_decay": 0.5, "hidden_size": 250, "avg_num_of_episodes_to_solve": 5000.0, "solved": false}, {"gamma": 0.92, "optimizer_learning_rate": 0.01, "optimizer_weight_decay": 0.05, "hidden_size": 250, "avg_num_of_episodes_to_solve": 5000.0, "solved": false}, {"gamma": 0.92, "optimizer_learning_rate": 0.01, "optimizer_weight_decay": 0.005, "hidden_size": 250, "avg_num_of_episodes_to_solve": 5000.0, "solved": false}, {"gamma": 0.92, "optimizer_learning_rate": 0.01, "optimizer_weight_decay": 0.0005, "hidden_size": 250, "avg_num_of_episodes_to_solve": 5000.0, "solved": false}, {"gamma": 0.92, "optimizer_learning_rate": 0.01, "optimizer_weight_decay": 0.5, "hidden_size": 300, "avg_num_of_episodes_to_solve": 5000.0, "solved": false}, {"gamma": 0.92, "optimizer_learning_rate": 0.01, "optimizer_weight_decay": 0.05, "hidden_size": 300, "avg_num_of_episodes_to_solve": 5000.0, "solved": false}, {"gamma": 0.92, "optimizer_learning_rate": 0.01, "optimizer_weight_decay": 0.005, "hidden_size": 300, "avg_num_of_episodes_to_solve": 5000.0, "solved": false}, {"gamma": 0.92, "optimizer_learning_rate": 0.01, "optimizer_weight_decay": 0.0005, "hidden_size": 300, "avg_num_of_episodes_to_solve": 5000.0, "solved": false},{"gamma": 0.96, "optimizer_learning_rate": 0.5, "optimizer_weight_decay": 0.5, "hidden_size": 200, "avg_num_of_episodes_to_solve": 5000.0, "solved": false}, {"gamma": 0.96, "optimizer_learning_rate": 0.5, "optimizer_weight_decay": 0.05, "hidden_size": 200, "avg_num_of_episodes_to_solve": 5000.0, "solved": false}, {"gamma": 0.96, "optimizer_learning_rate": 0.5, "optimizer_weight_decay": 0.005, "hidden_size": 200, "avg_num_of_episodes_to_solve": 5000.0, "solved": false}, {"gamma": 0.96, "optimizer_learning_rate": 0.5, "optimizer_weight_decay": 0.0005, "hidden_size": 200, "avg_num_of_episodes_to_solve": 5000.0, "solved": false}, {"gamma": 0.96, "optimizer_learning_rate": 0.5, "optimizer_weight_decay": 0.5, "hidden_size": 250, "avg_num_of_episodes_to_solve": 5000.0, "solved": false}, {"gamma": 0.96, "optimizer_learning_rate": 0.5, "optimizer_weight_decay": 0.05, "hidden_size": 250, "avg_num_of_episodes_to_solve": 5000.0, "solved": false}, {"gamma": 0.96, "optimizer_learning_rate": 0.5, "optimizer_weight_decay": 0.005, "hidden_size": 250, "avg_num_of_episodes_to_solve": 5000.0, "solved": false}, {"gamma": 0.96, "optimizer_learning_rate": 0.5, "optimizer_weight_decay": 0.0005, "hidden_size": 250, "avg_num_of_episodes_to_solve": 5000.0, "solved": false}, {"gamma": 0.96, "optimizer_learning_rate": 0.5, "optimizer_weight_decay": 0.5, "hidden_size": 300, "avg_num_of_episodes_to_solve": 5000.0, "solved": false}, {"gamma": 0.96, "optimizer_learning_rate": 0.5, "optimizer_weight_decay": 0.05, "hidden_size": 300, "avg_num_of_episodes_to_solve": 5000.0, "solved": false}, {"gamma": 0.96, "optimizer_learning_rate": 0.5, "optimizer_weight_decay": 0.005, "hidden_size": 300, "avg_num_of_episodes_to_solve": 5000.0, "solved": false}, {"gamma": 0.96, "optimizer_learning_rate": 0.5, "optimizer_weight_decay": 0.0005, "hidden_size": 300, "avg_num_of_episodes_to_solve": 5000.0, "solved": false}, {"gamma": 0.96, "optimizer_learning_rate": 0.05, "optimizer_weight_decay": 0.5, "hidden_size": 200, "avg_num_of_episodes_to_solve": 5000.0, "solved": false}, {"gamma": 0.96, "optimizer_learning_rate": 0.05, "optimizer_weight_decay": 0.05, "hidden_size": 200, "avg_num_of_episodes_to_solve": 5000.0, "solved": false}, {"gamma": 0.96, "optimizer_learning_rate": 0.05, "optimizer_weight_decay": 0.005, "hidden_size": 200, "avg_num_of_episodes_to_solve": 5000.0, "solved": false}, {"gamma": 0.96, "optimizer_learning_rate": 0.05, "optimizer_weight_decay": 0.0005, "hidden_size": 200, "avg_num_of_episodes_to_solve": 5000.0, "solved": false}, {"gamma": 0.96, "optimizer_learning_rate": 0.05, "optimizer_weight_decay": 0.5, "hidden_size": 250, "avg_num_of_episodes_to_solve": 5000.0, "solved": false}, {"gamma": 0.96, "optimizer_learning_rate": 0.05, "optimizer_weight_decay": 0.05, "hidden_size": 250, "avg_num_of_episodes_to_solve": 5000.0, "solved": false}, {"gamma": 0.96, "optimizer_learning_rate": 0.05, "optimizer_weight_decay": 0.005, "hidden_size": 250, "avg_num_of_episodes_to_solve": 5000.0, "solved": false}, {"gamma": 0.96, "optimizer_learning_rate": 0.05, "optimizer_weight_decay": 0.0005, "hidden_size": 250, "avg_num_of_episodes_to_solve": 5000.0, "solved": false}, {"gamma": 0.96, "optimizer_learning_rate": 0.05, "optimizer_weight_decay": 0.5, "hidden_size": 300, "avg_num_of_episodes_to_solve": 5000.0, "solved": false}, {"gamma": 0.96, "optimizer_learning_rate": 0.05, "optimizer_weight_decay": 0.05, "hidden_size": 300, "avg_num_of_episodes_to_solve": 5000.0, "solved": false}, {"gamma": 0.96, "optimizer_learning_rate": 0.05, "optimizer_weight_decay": 0.005, "hidden_size": 300, "avg_num_of_episodes_to_solve": 5000.0, "solved": false}, {"gamma": 0.96, "optimizer_learning_rate": 0.05, "optimizer_weight_decay": 0.0005, "hidden_size": 300, "avg_num_of_episodes_to_solve": 5000.0, "solved": false}, {"gamma": 0.96, "optimizer_learning_rate": 0.005, "optimizer_weight_decay": 0.5, "hidden_size": 200, "avg_num_of_episodes_to_solve": 5000.0, "solved": false}, {"gamma": 0.96, "optimizer_learning_rate": 0.005, "optimizer_weight_decay": 0.05, "hidden_size": 200, "avg_num_of_episodes_to_solve": 5000.0, "solved": false}, {"gamma": 0.96, "optimizer_learning_rate": 0.005, "optimizer_weight_decay": 0.005, "hidden_size": 200, "avg_num_of_episodes_to_solve": 5000.0, "solved": false}, {"gamma": 0.96, "optimizer_learning_rate": 0.005, "optimizer_weight_decay": 0.0005, "hidden_size": 200, "avg_num_of_episodes_to_solve": 5000.0, "solved": false}, {"gamma": 0.96, "optimizer_learning_rate": 0.005, "optimizer_weight_decay": 0.5, "hidden_size": 250, "avg_num_of_episodes_to_solve": 5000.0, "solved": false}, {"gamma": 0.96, "optimizer_learning_rate": 0.005, "optimizer_weight_decay": 0.05, "hidden_size": 250, "avg_num_of_episodes_to_solve": 5000.0, "solved": false}, {"gamma": 0.96, "optimizer_learning_rate": 0.005, "optimizer_weight_decay": 0.005, "hidden_size": 250, "avg_num_of_episodes_to_solve": 5000.0, "solved": false}, {"gamma": 0.96, "optimizer_learning_rate": 0.005, "optimizer_weight_decay": 0.0005, "hidden_size": 250, "avg_num_of_episodes_to_solve": 5000.0, "solved": false}, {"gamma": 0.96, "optimizer_learning_rate": 0.005, "optimizer_weight_decay": 0.5, "hidden_size": 300, "avg_num_of_episodes_to_solve": 5000.0, "solved": false}, {"gamma": 0.96, "optimizer_learning_rate": 0.005, "optimizer_weight_decay": 0.05, "hidden_size": 300, "avg_num_of_episodes_to_solve": 5000.0, "solved": false}, {"gamma": 0.96, "optimizer_learning_rate": 0.005, "optimizer_weight_decay": 0.005, "hidden_size": 300, "avg_num_of_episodes_to_solve": 5000.0, "solved": false}, {"gamma": 0.96, "optimizer_learning_rate": 0.005, "optimizer_weight_decay": 0.0005, "hidden_size": 300, "avg_num_of_episodes_to_solve": 5000.0, "solved": false}, {"gamma": 0.96, "optimizer_learning_rate": 0.0005, "optimizer_weight_decay": 0.5, "hidden_size": 200, "avg_num_of_episodes_to_solve": 5000.0, "solved": false}, {"gamma": 0.96, "optimizer_learning_rate": 0.0005, "optimizer_weight_decay": 0.05, "hidden_size": 200, "avg_num_of_episodes_to_solve": 5000.0, "solved": false}, {"gamma": 0.96, "optimizer_learning_rate": 0.0005, "optimizer_weight_decay": 0.005, "hidden_size": 200, "avg_num_of_episodes_to_solve": 593.8, "solved": true}, {"gamma": 0.96, "optimizer_learning_rate": 0.0005, "optimizer_weight_decay": 0.0005, "hidden_size": 200, "avg_num_of_episodes_to_solve": 2046.0, "solved": false}, {"gamma": 0.96, "optimizer_learning_rate": 0.0005, "optimizer_weight_decay": 0.5, "hidden_size": 250, "avg_num_of_episodes_to_solve": 5000.0, "solved": false}, {"gamma": 0.96, "optimizer_learning_rate": 0.0005, "optimizer_weight_decay": 0.05, "hidden_size": 250, "avg_num_of_episodes_to_solve": 3952.0, "solved": false}, {"gamma": 0.96, "optimizer_learning_rate": 0.0005, "optimizer_weight_decay": 0.005, "hidden_size": 250, "avg_num_of_episodes_to_solve": 608.4, "solved": true}, {"gamma": 0.96, "optimizer_learning_rate": 0.0005, "optimizer_weight_decay": 0.0005, "hidden_size": 250, "avg_num_of_episodes_to_solve": 1676.8, "solved": true}, {"gamma": 0.96, "optimizer_learning_rate": 0.0005, "optimizer_weight_decay": 0.5, "hidden_size": 300, "avg_num_of_episodes_to_solve": 5000.0, "solved": false}, {"gamma": 0.96, "optimizer_learning_rate": 0.0005, "optimizer_weight_decay": 0.05, "hidden_size": 300, "avg_num_of_episodes_to_solve": 5000.0, "solved": false}, {"gamma": 0.96, "optimizer_learning_rate": 0.0005, "optimizer_weight_decay": 0.005, "hidden_size": 300, "avg_num_of_episodes_to_solve": 551.8, "solved": true}, {"gamma": 0.96, "optimizer_learning_rate": 0.0005, "optimizer_weight_decay": 0.0005, "hidden_size": 300, "avg_num_of_episodes_to_solve": 752.2, "solved": true}, {"gamma": 0.96, "optimizer_learning_rate": 0.01, "optimizer_weight_decay": 0.5, "hidden_size": 200, "avg_num_of_episodes_to_solve": 5000.0, "solved": false}, {"gamma": 0.96, "optimizer_learning_rate": 0.01, "optimizer_weight_decay": 0.05, "hidden_size": 200, "avg_num_of_episodes_to_solve": 5000.0, "solved": false}, {"gamma": 0.96, "optimizer_learning_rate": 0.01, "optimizer_weight_decay": 0.005, "hidden_size": 200, "avg_num_of_episodes_to_solve": 5000.0, "solved": false}, {"gamma": 0.96, "optimizer_learning_rate": 0.01, "optimizer_weight_decay": 0.0005, "hidden_size": 200, "avg_num_of_episodes_to_solve": 5000.0, "solved": false}, {"gamma": 0.96, "optimizer_learning_rate": 0.01, "optimizer_weight_decay": 0.5, "hidden_size": 250, "avg_num_of_episodes_to_solve": 5000.0, "solved": false}, {"gamma": 0.96, "optimizer_learning_rate": 0.01, "optimizer_weight_decay": 0.05, "hidden_size": 250, "avg_num_of_episodes_to_solve": 5000.0, "solved": false}, {"gamma": 0.96, "optimizer_learning_rate": 0.01, "optimizer_weight_decay": 0.005, "hidden_size": 250, "avg_num_of_episodes_to_solve": 5000.0, "solved": false}, {"gamma": 0.96, "optimizer_learning_rate": 0.01, "optimizer_weight_decay": 0.0005, "hidden_size": 250, "avg_num_of_episodes_to_solve": 5000.0, "solved": false}, {"gamma": 0.96, "optimizer_learning_rate": 0.01, "optimizer_weight_decay": 0.5, "hidden_size": 300, "avg_num_of_episodes_to_solve": 5000.0, "solved": false}, {"gamma": 0.96, "optimizer_learning_rate": 0.01, "optimizer_weight_decay": 0.05, "hidden_size": 300, "avg_num_of_episodes_to_solve": 5000.0, "solved": false}, {"gamma": 0.96, "optimizer_learning_rate": 0.01, "optimizer_weight_decay": 0.005, "hidden_size": 300, "avg_num_of_episodes_to_solve": 5000.0, "solved": false}, {"gamma": 0.96, "optimizer_learning_rate": 0.01, "optimizer_weight_decay": 0.0005, "hidden_size": 300, "avg_num_of_episodes_to_solve": 5000.0, "solved": false}, {"gamma": 1, "optimizer_learning_rate": 0.5, "optimizer_weight_decay": 0.5, "hidden_size": 200, "avg_num_of_episodes_to_solve": 5000.0, "solved": false}, {"gamma": 1, "optimizer_learning_rate": 0.5, "optimizer_weight_decay": 0.05, "hidden_size": 200, "avg_num_of_episodes_to_solve": 798.8, "solved": true}, {"gamma": 1, "optimizer_learning_rate": 0.5, "optimizer_weight_decay": 0.005, "hidden_size": 200, "avg_num_of_episodes_to_solve": 874.2, "solved": true}, {"gamma": 1, "optimizer_learning_rate": 0.5, "optimizer_weight_decay": 0.0005, "hidden_size": 200, "avg_num_of_episodes_to_solve": 797.6, "solved": true}, {"gamma": 1, "optimizer_learning_rate": 0.5, "optimizer_weight_decay": 0.5, "hidden_size": 250, "avg_num_of_episodes_to_solve": 5000.0, "solved": false}, {"gamma": 1, "optimizer_learning_rate": 0.5, "optimizer_weight_decay": 0.05, "hidden_size": 250, "avg_num_of_episodes_to_solve": 698.2, "solved": true}, {"gamma": 1, "optimizer_learning_rate": 0.5, "optimizer_weight_decay": 0.005, "hidden_size": 250, "avg_num_of_episodes_to_solve": 780.4, "solved": true}, {"gamma": 1, "optimizer_learning_rate": 0.5, "optimizer_weight_decay": 0.0005, "hidden_size": 250, "avg_num_of_episodes_to_solve": 810.8, "solved": true}, {"gamma": 1, "optimizer_learning_rate": 0.5, "optimizer_weight_decay": 0.5, "hidden_size": 300, "avg_num_of_episodes_to_solve": 5000.0, "solved": false}, {"gamma": 1, "optimizer_learning_rate": 0.5, "optimizer_weight_decay": 0.05, "hidden_size": 300, "avg_num_of_episodes_to_solve": 700.8, "solved": true}, {"gamma": 1, "optimizer_learning_rate": 0.5, "optimizer_weight_decay": 0.005, "hidden_size": 300, "avg_num_of_episodes_to_solve": 648.4, "solved": true}, {"gamma": 1, "optimizer_learning_rate": 0.5, "optimizer_weight_decay": 0.0005, "hidden_size": 300, "avg_num_of_episodes_to_solve": 797.0, "solved": true}, {"gamma": 1, "optimizer_learning_rate": 0.05, "optimizer_weight_decay": 0.5, "hidden_size": 200, "avg_num_of_episodes_to_solve": 5000.0, "solved": false}, {"gamma": 1, "optimizer_learning_rate": 0.05, "optimizer_weight_decay": 0.05, "hidden_size": 200, "avg_num_of_episodes_to_solve": 742.6, "solved": true}, {"gamma": 1, "optimizer_learning_rate": 0.05, "optimizer_weight_decay": 0.005, "hidden_size": 200, "avg_num_of_episodes_to_solve": 910.4, "solved": true}, {"gamma": 1, "optimizer_learning_rate": 0.05, "optimizer_weight_decay": 0.0005, "hidden_size": 200, "avg_num_of_episodes_to_solve": 773.2, "solved": true}, {"gamma": 1, "optimizer_learning_rate": 0.05, "optimizer_weight_decay": 0.5, "hidden_size": 250, "avg_num_of_episodes_to_solve": 5000.0, "solved": false}, {"gamma": 1, "optimizer_learning_rate": 0.05, "optimizer_weight_decay": 0.05, "hidden_size": 250, "avg_num_of_episodes_to_solve": 808.2, "solved": true}, {"gamma": 1, "optimizer_learning_rate": 0.05, "optimizer_weight_decay": 0.005, "hidden_size": 250, "avg_num_of_episodes_to_solve": 766.6, "solved": true}, {"gamma": 1, "optimizer_learning_rate": 0.05, "optimizer_weight_decay": 0.0005, "hidden_size": 250, "avg_num_of_episodes_to_solve": 683.8, "solved": true}, {"gamma": 1, "optimizer_learning_rate": 0.05, "optimizer_weight_decay": 0.5, "hidden_size": 300, "avg_num_of_episodes_to_solve": 5000.0, "solved": false}, {"gamma": 1, "optimizer_learning_rate": 0.05, "optimizer_weight_decay": 0.05, "hidden_size": 300, "avg_num_of_episodes_to_solve": 965.0, "solved": true}, {"gamma": 1, "optimizer_learning_rate": 0.05, "optimizer_weight_decay": 0.005, "hidden_size": 300, "avg_num_of_episodes_to_solve": 725.6, "solved": true}, {"gamma": 1, "optimizer_learning_rate": 0.05, "optimizer_weight_decay": 0.0005, "hidden_size": 300, "avg_num_of_episodes_to_solve": 763.8, "solved": true}, {"gamma": 1, "optimizer_learning_rate": 0.005, "optimizer_weight_decay": 0.5, "hidden_size": 200, "avg_num_of_episodes_to_solve": 5000.0, "solved": false}, {"gamma": 1, "optimizer_learning_rate": 0.005, "optimizer_weight_decay": 0.05, "hidden_size": 200, "avg_num_of_episodes_to_solve": 395.6, "solved": true}, {"gamma": 1, "optimizer_learning_rate": 0.005, "optimizer_weight_decay": 0.005, "hidden_size": 200, "avg_num_of_episodes_to_solve": 501.2, "solved": true}, {"gamma": 1, "optimizer_learning_rate": 0.005, "optimizer_weight_decay": 0.0005, "hidden_size": 200, "avg_num_of_episodes_to_solve": 383.8, "solved": true}, {"gamma": 1, "optimizer_learning_rate": 0.005, "optimizer_weight_decay": 0.5, "hidden_size": 250, "avg_num_of_episodes_to_solve": 5000.0, "solved": false}, {"gamma": 1, "optimizer_learning_rate": 0.005, "optimizer_weight_decay": 0.05, "hidden_size": 250, "avg_num_of_episodes_to_solve": 479.0, "solved": true}, {"gamma": 1, "optimizer_learning_rate": 0.005, "optimizer_weight_decay": 0.005, "hidden_size": 250, "avg_num_of_episodes_to_solve": 455.0, "solved": true}, {"gamma": 1, "optimizer_learning_rate": 0.005, "optimizer_weight_decay": 0.0005, "hidden_size": 250, "avg_num_of_episodes_to_solve": 422.6, "solved": true}, {"gamma": 1, "optimizer_learning_rate": 0.005, "optimizer_weight_decay": 0.5, "hidden_size": 300, "avg_num_of_episodes_to_solve": 5000.0, "solved": false}, {"gamma": 1, "optimizer_learning_rate": 0.005, "optimizer_weight_decay": 0.05, "hidden_size": 300, "avg_num_of_episodes_to_solve": 508.8, "solved": true}, {"gamma": 1, "optimizer_learning_rate": 0.005, "optimizer_weight_decay": 0.005, "hidden_size": 300, "avg_num_of_episodes_to_solve": 400.6, "solved": true}, {"gamma": 1, "optimizer_learning_rate": 0.005, "optimizer_weight_decay": 0.0005, "hidden_size": 300, "avg_num_of_episodes_to_solve": 506.8, "solved": true}, {"gamma": 1, "optimizer_learning_rate": 0.0005, "optimizer_weight_decay": 0.5, "hidden_size": 200, "avg_num_of_episodes_to_solve": 5000.0, "solved": false}, {"gamma": 1, "optimizer_learning_rate": 0.0005, "optimizer_weight_decay": 0.05, "hidden_size": 200, "avg_num_of_episodes_to_solve": 734.4, "solved": true}, {"gamma": 1, "optimizer_learning_rate": 0.0005, "optimizer_weight_decay": 0.005, "hidden_size": 200, "avg_num_of_episodes_to_solve": 629.4, "solved": true}, {"gamma": 1, "optimizer_learning_rate": 0.0005, "optimizer_weight_decay": 0.0005, "hidden_size": 200, "avg_num_of_episodes_to_solve": 759.2, "solved": true}, {"gamma": 1, "optimizer_learning_rate": 0.0005, "optimizer_weight_decay": 0.5, "hidden_size": 250, "avg_num_of_episodes_to_solve": 5000.0, "solved": false}, {"gamma": 1, "optimizer_learning_rate": 0.0005, "optimizer_weight_decay": 0.05, "hidden_size": 250, "avg_num_of_episodes_to_solve": 659.0, "solved": true}, {"gamma": 1, "optimizer_learning_rate": 0.0005, "optimizer_weight_decay": 0.005, "hidden_size": 250, "avg_num_of_episodes_to_solve": 730.4, "solved": true}, {"gamma": 1, "optimizer_learning_rate": 0.0005, "optimizer_weight_decay": 0.0005, "hidden_size": 250, "avg_num_of_episodes_to_solve": 955.6, "solved": true}, {"gamma": 1, "optimizer_learning_rate": 0.0005, "optimizer_weight_decay": 0.5, "hidden_size": 300, "avg_num_of_episodes_to_solve": 5000.0, "solved": false}, {"gamma": 1, "optimizer_learning_rate": 0.0005, "optimizer_weight_decay": 0.05, "hidden_size": 300, "avg_num_of_episodes_to_solve": 634.2, "solved": true}, {"gamma": 1, "optimizer_learning_rate": 0.0005, "optimizer_weight_decay": 0.005, "hidden_size": 300, "avg_num_of_episodes_to_solve": 536.2, "solved": true}, {"gamma": 1, "optimizer_learning_rate": 0.0005, "optimizer_weight_decay": 0.0005, "hidden_size": 300, "avg_num_of_episodes_to_solve": 531.4, "solved": true}, {"gamma": 1, "optimizer_learning_rate": 0.01, "optimizer_weight_decay": 0.5, "hidden_size": 200, "avg_num_of_episodes_to_solve": 5000.0, "solved": false}, {"gamma": 1, "optimizer_learning_rate": 0.01, "optimizer_weight_decay": 0.05, "hidden_size": 200, "avg_num_of_episodes_to_solve": 396.2, "solved": true}, {"gamma": 1, "optimizer_learning_rate": 0.01, "optimizer_weight_decay": 0.005, "hidden_size": 200, "avg_num_of_episodes_to_solve": 416.4, "solved": true}, {"gamma": 1, "optimizer_learning_rate": 0.01, "optimizer_weight_decay": 0.0005, "hidden_size": 200, "avg_num_of_episodes_to_solve": 446.4, "solved": true}, {"gamma": 1, "optimizer_learning_rate": 0.01, "optimizer_weight_decay": 0.5, "hidden_size": 250, "avg_num_of_episodes_to_solve": 5000.0, "solved": false}, {"gamma": 1, "optimizer_learning_rate": 0.01, "optimizer_weight_decay": 0.05, "hidden_size": 250, "avg_num_of_episodes_to_solve": 450.8, "solved": true}, {"gamma": 1, "optimizer_learning_rate": 0.01, "optimizer_weight_decay": 0.005, "hidden_size": 250, "avg_num_of_episodes_to_solve": 514.4, "solved": true}, {"gamma": 1, "optimizer_learning_rate": 0.01, "optimizer_weight_decay": 0.0005, "hidden_size": 250, "avg_num_of_episodes_to_solve": 437.8, "solved": true}, {"gamma": 1, "optimizer_learning_rate": 0.01, "optimizer_weight_decay": 0.5, "hidden_size": 300, "avg_num_of_episodes_to_solve": 5000.0, "solved": false}, {"gamma": 1, "optimizer_learning_rate": 0.01, "optimizer_weight_decay": 0.05, "hidden_size": 300, "avg_num_of_episodes_to_solve": 406.0, "solved": true}, {"gamma": 1, "optimizer_learning_rate": 0.01, "optimizer_weight_decay": 0.005, "hidden_size": 300, "avg_num_of_episodes_to_solve": 460.6, "solved": true}, {"gamma": 1, "optimizer_learning_rate": 0.01, "optimizer_weight_decay": 0.0005, "hidden_size": 300, "avg_num_of_episodes_to_solve": 430.0, "solved": true}]