[{"gamma": 0.92, "optimizer_learning_rate": 0.5, "optimizer_weight_decay": 0.5, "hidden_size": 8, "avg_num_of_episodes_to_solve": 5000.0, "solved": false},
{"gamma": 0.92, "optimizer_learning_rate": 0.5, "optimizer_weight_decay": 0.05, "hidden_size": 8, "avg_num_of_episodes_to_solve": 5000.0, "solved": false},
{"gamma": 0.92, "optimizer_learning_rate": 0.5, "optimizer_weight_decay": 0.005, "hidden_size": 8, "avg_num_of_episodes_to_solve": 5000.0, "solved": false},
{"gamma": 0.92, "optimizer_learning_rate": 0.5, "optimizer_weight_decay": 0.0005, "hidden_size": 8, "avg_num_of_episodes_to_solve": 5000.0, "solved": false},
{"gamma": 0.92, "optimizer_learning_rate": 0.5, "optimizer_weight_decay": 0.5, "hidden_size": 10, "avg_num_of_episodes_to_solve": 5000.0, "solved": false},
{"gamma": 0.92, "optimizer_learning_rate": 0.5, "optimizer_weight_decay": 0.05, "hidden_size": 10, "avg_num_of_episodes_to_solve": 5000.0, "solved": false},
{"gamma": 0.92, "optimizer_learning_rate": 0.5, "optimizer_weight_decay": 0.005, "hidden_size": 10, "avg_num_of_episodes_to_solve": 5000.0, "solved": false},
{"gamma": 0.92, "optimizer_learning_rate": 0.5, "optimizer_weight_decay": 0.0005, "hidden_size": 10, "avg_num_of_episodes_to_solve": 5000.0, "solved": false},
{"gamma": 0.92, "optimizer_learning_rate": 0.5, "optimizer_weight_decay": 0.5, "hidden_size": 12, "avg_num_of_episodes_to_solve": 5000.0, "solved": false},
{"gamma": 0.92, "optimizer_learning_rate": 0.5, "optimizer_weight_decay": 0.05, "hidden_size": 12, "avg_num_of_episodes_to_solve": 5000.0, "solved": false},
{"gamma": 0.92, "optimizer_learning_rate": 0.5, "optimizer_weight_decay": 0.005, "hidden_size": 12, "avg_num_of_episodes_to_solve": 5000.0, "solved": false},
{"gamma": 0.92, "optimizer_learning_rate": 0.5, "optimizer_weight_decay": 0.0005, "hidden_size": 12, "avg_num_of_episodes_to_solve": 5000.0, "solved": false},
{"gamma": 0.92, "optimizer_learning_rate": 0.5, "optimizer_weight_decay": 0.5, "hidden_size": 14, "avg_num_of_episodes_to_solve": 5000.0, "solved": false},
{"gamma": 0.92, "optimizer_learning_rate": 0.5, "optimizer_weight_decay": 0.05, "hidden_size": 14, "avg_num_of_episodes_to_solve": 5000.0, "solved": false},
{"gamma": 0.92, "optimizer_learning_rate": 0.5, "optimizer_weight_decay": 0.005, "hidden_size": 14, "avg_num_of_episodes_to_solve": 5000.0, "solved": false},
{"gamma": 0.92, "optimizer_learning_rate": 0.5, "optimizer_weight_decay": 0.0005, "hidden_size": 14, "avg_num_of_episodes_to_solve": 5000.0, "solved": false},
{"gamma": 0.92, "optimizer_learning_rate": 0.5, "optimizer_weight_decay": 0.5, "hidden_size": 16, "avg_num_of_episodes_to_solve": 5000.0, "solved": false},
{"gamma": 0.92, "optimizer_learning_rate": 0.5, "optimizer_weight_decay": 0.05, "hidden_size": 16, "avg_num_of_episodes_to_solve": 5000.0, "solved": false},
{"gamma": 0.92, "optimizer_learning_rate": 0.5, "optimizer_weight_decay": 0.005, "hidden_size": 16, "avg_num_of_episodes_to_solve": 5000.0, "solved": false},
{"gamma": 0.92, "optimizer_learning_rate": 0.5, "optimizer_weight_decay": 0.0005, "hidden_size": 16, "avg_num_of_episodes_to_solve": 5000.0, "solved": false},
{"gamma": 0.92, "optimizer_learning_rate": 0.05, "optimizer_weight_decay": 0.5, "hidden_size": 8, "avg_num_of_episodes_to_solve": 5000.0, "solved": false},
{"gamma": 0.92, "optimizer_learning_rate": 0.05, "optimizer_weight_decay": 0.05, "hidden_size": 8, "avg_num_of_episodes_to_solve": 1748.8, "solved": true},
{"gamma": 0.92, "optimizer_learning_rate": 0.05, "optimizer_weight_decay": 0.005, "hidden_size": 8, "avg_num_of_episodes_to_solve": 3061.0, "solved": false},
{"gamma": 0.92, "optimizer_learning_rate": 0.05, "optimizer_weight_decay": 0.0005, "hidden_size": 8, "avg_num_of_episodes_to_solve": 5000.0, "solved": false},
{"gamma": 0.92, "optimizer_learning_rate": 0.05, "optimizer_weight_decay": 0.5, "hidden_size": 10, "avg_num_of_episodes_to_solve": 5000.0, "solved": false},
{"gamma": 0.92, "optimizer_learning_rate": 0.05, "optimizer_weight_decay": 0.05, "hidden_size": 10, "avg_num_of_episodes_to_solve": 5000.0, "solved": false},
{"gamma": 0.92, "optimizer_learning_rate": 0.05, "optimizer_weight_decay": 0.005, "hidden_size": 10, "avg_num_of_episodes_to_solve": 1304.6, "solved": true},
{"gamma": 0.92, "optimizer_learning_rate": 0.05, "optimizer_weight_decay": 0.0005, "hidden_size": 10, "avg_num_of_episodes_to_solve": 5000.0, "solved": false},
{"gamma": 0.92, "optimizer_learning_rate": 0.05, "optimizer_weight_decay": 0.5, "hidden_size": 12, "avg_num_of_episodes_to_solve": 5000.0, "solved": false},
{"gamma": 0.92, "optimizer_learning_rate": 0.05, "optimizer_weight_decay": 0.05, "hidden_size": 12, "avg_num_of_episodes_to_solve": 5000.0, "solved": false},
{"gamma": 0.92, "optimizer_learning_rate": 0.05, "optimizer_weight_decay": 0.005, "hidden_size": 12, "avg_num_of_episodes_to_solve": 1451.0, "solved": false},
{"gamma": 0.92, "optimizer_learning_rate": 0.05, "optimizer_weight_decay": 0.0005, "hidden_size": 12, "avg_num_of_episodes_to_solve": 1675.4, "solved": false},
{"gamma": 0.92, "optimizer_learning_rate": 0.05, "optimizer_weight_decay": 0.5, "hidden_size": 14, "avg_num_of_episodes_to_solve": 5000.0, "solved": false},
{"gamma": 0.92, "optimizer_learning_rate": 0.05, "optimizer_weight_decay": 0.05, "hidden_size": 14, "avg_num_of_episodes_to_solve": 5000.0, "solved": false},
{"gamma": 0.92, "optimizer_learning_rate": 0.05, "optimizer_weight_decay": 0.005, "hidden_size": 14, "avg_num_of_episodes_to_solve": 5000.0, "solved": false},
{"gamma": 0.92, "optimizer_learning_rate": 0.05, "optimizer_weight_decay": 0.0005, "hidden_size": 14, "avg_num_of_episodes_to_solve": 1546.0, "solved": true},
{"gamma": 0.92, "optimizer_learning_rate": 0.05, "optimizer_weight_decay": 0.5, "hidden_size": 16, "avg_num_of_episodes_to_solve": 5000.0, "solved": false},
{"gamma": 0.92, "optimizer_learning_rate": 0.05, "optimizer_weight_decay": 0.05, "hidden_size": 16, "avg_num_of_episodes_to_solve": 4793.0, "solved": false},
{"gamma": 0.92, "optimizer_learning_rate": 0.05, "optimizer_weight_decay": 0.005, "hidden_size": 16, "avg_num_of_episodes_to_solve": 2128.75, "solved": false},
{"gamma": 0.92, "optimizer_learning_rate": 0.05, "optimizer_weight_decay": 0.0005, "hidden_size": 16, "avg_num_of_episodes_to_solve": 3727.0, "solved": false},
{"gamma": 0.92, "optimizer_learning_rate": 0.005, "optimizer_weight_decay": 0.5, "hidden_size": 8, "avg_num_of_episodes_to_solve": 5000.0, "solved": false},
{"gamma": 0.92, "optimizer_learning_rate": 0.005, "optimizer_weight_decay": 0.05, "hidden_size": 8, "avg_num_of_episodes_to_solve": 1894.4, "solved": false},
{"gamma": 0.92, "optimizer_learning_rate": 0.005, "optimizer_weight_decay": 0.005, "hidden_size": 8, "avg_num_of_episodes_to_solve": 1303.0, "solved": true},
{"gamma": 0.92, "optimizer_learning_rate": 0.005, "optimizer_weight_decay": 0.0005, "hidden_size": 8, "avg_num_of_episodes_to_solve": 1688.0, "solved": false},
{"gamma": 0.92, "optimizer_learning_rate": 0.005, "optimizer_weight_decay": 0.5, "hidden_size": 10, "avg_num_of_episodes_to_solve": 5000.0, "solved": false},
{"gamma": 0.92, "optimizer_learning_rate": 0.005, "optimizer_weight_decay": 0.05, "hidden_size": 10, "avg_num_of_episodes_to_solve": 1572.5, "solved": false},
{"gamma": 0.92, "optimizer_learning_rate": 0.005, "optimizer_weight_decay": 0.005, "hidden_size": 10, "avg_num_of_episodes_to_solve": 5000.0, "solved": false},
{"gamma": 0.92, "optimizer_learning_rate": 0.005, "optimizer_weight_decay": 0.0005, "hidden_size": 10, "avg_num_of_episodes_to_solve": 1548.8, "solved": true},
{"gamma": 0.92, "optimizer_learning_rate": 0.005, "optimizer_weight_decay": 0.5, "hidden_size": 12, "avg_num_of_episodes_to_solve": 5000.0, "solved": false},
{"gamma": 0.92, "optimizer_learning_rate": 0.005, "optimizer_weight_decay": 0.05, "hidden_size": 12, "avg_num_of_episodes_to_solve": 2895.0, "solved": false},
{"gamma": 0.92, "optimizer_learning_rate": 0.005, "optimizer_weight_decay": 0.005, "hidden_size": 12, "avg_num_of_episodes_to_solve": 1147.4, "solved": true},
{"gamma": 0.92, "optimizer_learning_rate": 0.005, "optimizer_weight_decay": 0.0005, "hidden_size": 12, "avg_num_of_episodes_to_solve": 5000.0, "solved": false},
{"gamma": 0.92, "optimizer_learning_rate": 0.005, "optimizer_weight_decay": 0.5, "hidden_size": 14, "avg_num_of_episodes_to_solve": 5000.0, "solved": false},
{"gamma": 0.92, "optimizer_learning_rate": 0.005, "optimizer_weight_decay": 0.05, "hidden_size": 14, "avg_num_of_episodes_to_solve": 612.8, "solved": true},
{"gamma": 0.92, "optimizer_learning_rate": 0.005, "optimizer_weight_decay": 0.005, "hidden_size": 14, "avg_num_of_episodes_to_solve": 1562.0, "solved": true},
{"gamma": 0.92, "optimizer_learning_rate": 0.005, "optimizer_weight_decay": 0.0005, "hidden_size": 14, "avg_num_of_episodes_to_solve": 1314.6, "solved": true},
{"gamma": 0.92, "optimizer_learning_rate": 0.005, "optimizer_weight_decay": 0.5, "hidden_size": 16, "avg_num_of_episodes_to_solve": 5000.0, "solved": false},
{"gamma": 0.92, "optimizer_learning_rate": 0.005, "optimizer_weight_decay": 0.05, "hidden_size": 16, "avg_num_of_episodes_to_solve": 1877.3333333333333, "solved": false},
{"gamma": 0.92, "optimizer_learning_rate": 0.005, "optimizer_weight_decay": 0.005, "hidden_size": 16, "avg_num_of_episodes_to_solve": 2321.6666666666665, "solved": false},
{"gamma": 0.92, "optimizer_learning_rate": 0.005, "optimizer_weight_decay": 0.0005, "hidden_size": 16, "avg_num_of_episodes_to_solve": 595.8, "solved": true},
{"gamma": 0.92, "optimizer_learning_rate": 0.0005, "optimizer_weight_decay": 0.5, "hidden_size": 8, "avg_num_of_episodes_to_solve": 5000.0, "solved": false},
{"gamma": 0.92, "optimizer_learning_rate": 0.0005, "optimizer_weight_decay": 0.05, "hidden_size": 8, "avg_num_of_episodes_to_solve": 5000.0, "solved": false},
{"gamma": 0.92, "optimizer_learning_rate": 0.0005, "optimizer_weight_decay": 0.005, "hidden_size": 8, "avg_num_of_episodes_to_solve": 5000.0, "solved": false},
{"gamma": 0.92, "optimizer_learning_rate": 0.0005, "optimizer_weight_decay": 0.0005, "hidden_size": 8, "avg_num_of_episodes_to_solve": 5000.0, "solved": false},
{"gamma": 0.92, "optimizer_learning_rate": 0.0005, "optimizer_weight_decay": 0.5, "hidden_size": 10, "avg_num_of_episodes_to_solve": 5000.0, "solved": false},
{"gamma": 0.92, "optimizer_learning_rate": 0.0005, "optimizer_weight_decay": 0.05, "hidden_size": 10, "avg_num_of_episodes_to_solve": 5000.0, "solved": false},
{"gamma": 0.92, "optimizer_learning_rate": 0.0005, "optimizer_weight_decay": 0.005, "hidden_size": 10, "avg_num_of_episodes_to_solve": 5000.0, "solved": false},
{"gamma": 0.92, "optimizer_learning_rate": 0.0005, "optimizer_weight_decay": 0.0005, "hidden_size": 10, "avg_num_of_episodes_to_solve": 5000.0, "solved": false},
{"gamma": 0.92, "optimizer_learning_rate": 0.0005, "optimizer_weight_decay": 0.5, "hidden_size": 12, "avg_num_of_episodes_to_solve": 5000.0, "solved": false},
{"gamma": 0.92, "optimizer_learning_rate": 0.0005, "optimizer_weight_decay": 0.05, "hidden_size": 12, "avg_num_of_episodes_to_solve": 5000.0, "solved": false},
{"gamma": 0.92, "optimizer_learning_rate": 0.0005, "optimizer_weight_decay": 0.005, "hidden_size": 12, "avg_num_of_episodes_to_solve": 5000.0, "solved": false},
{"gamma": 0.92, "optimizer_learning_rate": 0.0005, "optimizer_weight_decay": 0.0005, "hidden_size": 12, "avg_num_of_episodes_to_solve": 5000.0, "solved": false},
{"gamma": 0.92, "optimizer_learning_rate": 0.0005, "optimizer_weight_decay": 0.5, "hidden_size": 14, "avg_num_of_episodes_to_solve": 5000.0, "solved": false},
{"gamma": 0.92, "optimizer_learning_rate": 0.0005, "optimizer_weight_decay": 0.05, "hidden_size": 14, "avg_num_of_episodes_to_solve": 5000.0, "solved": false},
{"gamma": 0.92, "optimizer_learning_rate": 0.0005, "optimizer_weight_decay": 0.005, "hidden_size": 14, "avg_num_of_episodes_to_solve": 5000.0, "solved": false},
{"gamma": 0.92, "optimizer_learning_rate": 0.0005, "optimizer_weight_decay": 0.0005, "hidden_size": 14, "avg_num_of_episodes_to_solve": 5000.0, "solved": false},
{"gamma": 0.92, "optimizer_learning_rate": 0.0005, "optimizer_weight_decay": 0.5, "hidden_size": 16, "avg_num_of_episodes_to_solve": 5000.0, "solved": false},
{"gamma": 0.92, "optimizer_learning_rate": 0.0005, "optimizer_weight_decay": 0.05, "hidden_size": 16, "avg_num_of_episodes_to_solve": 5000.0, "solved": false},
{"gamma": 0.92, "optimizer_learning_rate": 0.0005, "optimizer_weight_decay": 0.005, "hidden_size": 16, "avg_num_of_episodes_to_solve": 5000.0, "solved": false},
{"gamma": 0.92, "optimizer_learning_rate": 0.0005, "optimizer_weight_decay": 0.0005, "hidden_size": 16, "avg_num_of_episodes_to_solve": 5000.0, "solved": false},
{"gamma": 0.92, "optimizer_learning_rate": 0.01, "optimizer_weight_decay": 0.5, "hidden_size": 8, "avg_num_of_episodes_to_solve": 5000.0, "solved": false},
{"gamma": 0.92, "optimizer_learning_rate": 0.01, "optimizer_weight_decay": 0.05, "hidden_size": 8, "avg_num_of_episodes_to_solve": 4578.5, "solved": false},
{"gamma": 0.92, "optimizer_learning_rate": 0.01, "optimizer_weight_decay": 0.005, "hidden_size": 8, "avg_num_of_episodes_to_solve": 5000.0, "solved": false},
{"gamma": 0.92, "optimizer_learning_rate": 0.01, "optimizer_weight_decay": 0.0005, "hidden_size": 8, "avg_num_of_episodes_to_solve": 498.8, "solved": true},
{"gamma": 0.92, "optimizer_learning_rate": 0.01, "optimizer_weight_decay": 0.5, "hidden_size": 10, "avg_num_of_episodes_to_solve": 5000.0, "solved": false},
{"gamma": 0.92, "optimizer_learning_rate": 0.01, "optimizer_weight_decay": 0.05, "hidden_size": 10, "avg_num_of_episodes_to_solve": 1802.8, "solved": true},
{"gamma": 0.92, "optimizer_learning_rate": 0.01, "optimizer_weight_decay": 0.005, "hidden_size": 10, "avg_num_of_episodes_to_solve": 2842.3333333333335, "solved": false},
{"gamma": 0.92, "optimizer_learning_rate": 0.01, "optimizer_weight_decay": 0.0005, "hidden_size": 10, "avg_num_of_episodes_to_solve": 2206.0, "solved": true},
{"gamma": 0.92, "optimizer_learning_rate": 0.01, "optimizer_weight_decay": 0.5, "hidden_size": 12, "avg_num_of_episodes_to_solve": 4645.0, "solved": false},
{"gamma": 0.92, "optimizer_learning_rate": 0.01, "optimizer_weight_decay": 0.05, "hidden_size": 12, "avg_num_of_episodes_to_solve": 1296.0, "solved": true},
{"gamma": 0.92, "optimizer_learning_rate": 0.01, "optimizer_weight_decay": 0.005, "hidden_size": 12, "avg_num_of_episodes_to_solve": 5000.0, "solved": false},
{"gamma": 0.92, "optimizer_learning_rate": 0.01, "optimizer_weight_decay": 0.0005, "hidden_size": 12, "avg_num_of_episodes_to_solve": 2739.0, "solved": false},
{"gamma": 0.92, "optimizer_learning_rate": 0.01, "optimizer_weight_decay": 0.5, "hidden_size": 14, "avg_num_of_episodes_to_solve": 5000.0, "solved": false},
{"gamma": 0.92, "optimizer_learning_rate": 0.01, "optimizer_weight_decay": 0.05, "hidden_size": 14, "avg_num_of_episodes_to_solve": 2629.0, "solved": false},
{"gamma": 0.92, "optimizer_learning_rate": 0.01, "optimizer_weight_decay": 0.005, "hidden_size": 14, "avg_num_of_episodes_to_solve": 1438.2, "solved": true},
{"gamma": 0.92, "optimizer_learning_rate": 0.01, "optimizer_weight_decay": 0.0005, "hidden_size": 14, "avg_num_of_episodes_to_solve": 1320.8, "solved": false},
{"gamma": 0.92, "optimizer_learning_rate": 0.01, "optimizer_weight_decay": 0.5, "hidden_size": 16, "avg_num_of_episodes_to_solve": 5000.0, "solved": false},
{"gamma": 0.92, "optimizer_learning_rate": 0.01, "optimizer_weight_decay": 0.05, "hidden_size": 16, "avg_num_of_episodes_to_solve": 409.8, "solved": true},
{"gamma": 0.92, "optimizer_learning_rate": 0.01, "optimizer_weight_decay": 0.005, "hidden_size": 16, "avg_num_of_episodes_to_solve": 5000.0, "solved": false},
{"gamma": 0.92, "optimizer_learning_rate": 0.01, "optimizer_weight_decay": 0.0005, "hidden_size": 16, "avg_num_of_episodes_to_solve": 5000.0, "solved": false}, {"gamma": 0.96, "optimizer_learning_rate": 0.5, "optimizer_weight_decay": 0.5, "hidden_size": 8, "avg_num_of_episodes_to_solve": 5000.0, "solved": false}, {"gamma": 0.96, "optimizer_learning_rate": 0.5, "optimizer_weight_decay": 0.05, "hidden_size": 8, "avg_num_of_episodes_to_solve": 5000.0, "solved": false}, {"gamma": 0.96, "optimizer_learning_rate": 0.5, "optimizer_weight_decay": 0.005, "hidden_size": 8, "avg_num_of_episodes_to_solve": 5000.0, "solved": false}, {"gamma": 0.96, "optimizer_learning_rate": 0.5, "optimizer_weight_decay": 0.0005, "hidden_size": 8, "avg_num_of_episodes_to_solve": 5000.0, "solved": false}, {"gamma": 0.96, "optimizer_learning_rate": 0.5, "optimizer_weight_decay": 0.5, "hidden_size": 10, "avg_num_of_episodes_to_solve": 5000.0, "solved": false}, {"gamma": 0.96, "optimizer_learning_rate": 0.5, "optimizer_weight_decay": 0.05, "hidden_size": 10, "avg_num_of_episodes_to_solve": 5000.0, "solved": false}, {"gamma": 0.96, "optimizer_learning_rate": 0.5, "optimizer_weight_decay": 0.005, "hidden_size": 10, "avg_num_of_episodes_to_solve": 5000.0, "solved": false}, {"gamma": 0.96, "optimizer_learning_rate": 0.5, "optimizer_weight_decay": 0.0005, "hidden_size": 10, "avg_num_of_episodes_to_solve": 5000.0, "solved": false}, {"gamma": 0.96, "optimizer_learning_rate": 0.5, "optimizer_weight_decay": 0.5, "hidden_size": 12, "avg_num_of_episodes_to_solve": 5000.0, "solved": false}, {"gamma": 0.96, "optimizer_learning_rate": 0.5, "optimizer_weight_decay": 0.05, "hidden_size": 12, "avg_num_of_episodes_to_solve": 5000.0, "solved": false}, {"gamma": 0.96, "optimizer_learning_rate": 0.5, "optimizer_weight_decay": 0.005, "hidden_size": 12, "avg_num_of_episodes_to_solve": 5000.0, "solved": false}, {"gamma": 0.96, "optimizer_learning_rate": 0.5, "optimizer_weight_decay": 0.0005, "hidden_size": 12, "avg_num_of_episodes_to_solve": 5000.0, "solved": false}, {"gamma": 0.96, "optimizer_learning_rate": 0.5, "optimizer_weight_decay": 0.5, "hidden_size": 14, "avg_num_of_episodes_to_solve": 5000.0, "solved": false}, {"gamma": 0.96, "optimizer_learning_rate": 0.5, "optimizer_weight_decay": 0.05, "hidden_size": 14, "avg_num_of_episodes_to_solve": 5000.0, "solved": false}, {"gamma": 0.96, "optimizer_learning_rate": 0.5, "optimizer_weight_decay": 0.005, "hidden_size": 14, "avg_num_of_episodes_to_solve": 5000.0, "solved": false}, {"gamma": 0.96, "optimizer_learning_rate": 0.5, "optimizer_weight_decay": 0.0005, "hidden_size": 14, "avg_num_of_episodes_to_solve": 5000.0, "solved": false}, {"gamma": 0.96, "optimizer_learning_rate": 0.5, "optimizer_weight_decay": 0.5, "hidden_size": 16, "avg_num_of_episodes_to_solve": 5000.0, "solved": false}, {"gamma": 0.96, "optimizer_learning_rate": 0.5, "optimizer_weight_decay": 0.05, "hidden_size": 16, "avg_num_of_episodes_to_solve": 5000.0, "solved": false}, {"gamma": 0.96, "optimizer_learning_rate": 0.5, "optimizer_weight_decay": 0.005, "hidden_size": 16, "avg_num_of_episodes_to_solve": 5000.0, "solved": false}, {"gamma": 0.96, "optimizer_learning_rate": 0.5, "optimizer_weight_decay": 0.0005, "hidden_size": 16, "avg_num_of_episodes_to_solve": 5000.0, "solved": false}, {"gamma": 0.96, "optimizer_learning_rate": 0.05, "optimizer_weight_decay": 0.5, "hidden_size": 8, "avg_num_of_episodes_to_solve": 5000.0, "solved": false}, {"gamma": 0.96, "optimizer_learning_rate": 0.05, "optimizer_weight_decay": 0.05, "hidden_size": 8, "avg_num_of_episodes_to_solve": 5000.0, "solved": false}, {"gamma": 0.96, "optimizer_learning_rate": 0.05, "optimizer_weight_decay": 0.005, "hidden_size": 8, "avg_num_of_episodes_to_solve": 1964.0, "solved": false}, {"gamma": 0.96, "optimizer_learning_rate": 0.05, "optimizer_weight_decay": 0.0005, "hidden_size": 8, "avg_num_of_episodes_to_solve": 1558.25, "solved": false}, {"gamma": 0.96, "optimizer_learning_rate": 0.05, "optimizer_weight_decay": 0.5, "hidden_size": 10, "avg_num_of_episodes_to_solve": 5000.0, "solved": false}, {"gamma": 0.96, "optimizer_learning_rate": 0.05, "optimizer_weight_decay": 0.05, "hidden_size": 10, "avg_num_of_episodes_to_solve": 3093.0, "solved": false}, {"gamma": 0.96, "optimizer_learning_rate": 0.05, "optimizer_weight_decay": 0.005, "hidden_size": 10, "avg_num_of_episodes_to_solve": 2554.6666666666665, "solved": false}, {"gamma": 0.96, "optimizer_learning_rate": 0.05, "optimizer_weight_decay": 0.0005, "hidden_size": 10, "avg_num_of_episodes_to_solve": 2210.6666666666665, "solved": false}, {"gamma": 0.96, "optimizer_learning_rate": 0.05, "optimizer_weight_decay": 0.5, "hidden_size": 12, "avg_num_of_episodes_to_solve": 5000.0, "solved": false}, {"gamma": 0.96, "optimizer_learning_rate": 0.05, "optimizer_weight_decay": 0.05, "hidden_size": 12, "avg_num_of_episodes_to_solve": 5000.0, "solved": false}, {"gamma": 0.96, "optimizer_learning_rate": 0.05, "optimizer_weight_decay": 0.005, "hidden_size": 12, "avg_num_of_episodes_to_solve": 1280.0, "solved": true}, {"gamma": 0.96, "optimizer_learning_rate": 0.05, "optimizer_weight_decay": 0.0005, "hidden_size": 12, "avg_num_of_episodes_to_solve": 5000.0, "solved": false}, {"gamma": 0.96, "optimizer_learning_rate": 0.05, "optimizer_weight_decay": 0.5, "hidden_size": 14, "avg_num_of_episodes_to_solve": 5000.0, "solved": false}, {"gamma": 0.96, "optimizer_learning_rate": 0.05, "optimizer_weight_decay": 0.05, "hidden_size": 14, "avg_num_of_episodes_to_solve": 5000.0, "solved": false}, {"gamma": 0.96, "optimizer_learning_rate": 0.05, "optimizer_weight_decay": 0.005, "hidden_size": 14, "avg_num_of_episodes_to_solve": 5000.0, "solved": false}, {"gamma": 0.96, "optimizer_learning_rate": 0.05, "optimizer_weight_decay": 0.0005, "hidden_size": 14, "avg_num_of_episodes_to_solve": 5000.0, "solved": false}, {"gamma": 0.96, "optimizer_learning_rate": 0.05, "optimizer_weight_decay": 0.5, "hidden_size": 16, "avg_num_of_episodes_to_solve": 5000.0, "solved": false}, {"gamma": 0.96, "optimizer_learning_rate": 0.05, "optimizer_weight_decay": 0.05, "hidden_size": 16, "avg_num_of_episodes_to_solve": 5000.0, "solved": false}, {"gamma": 0.96, "optimizer_learning_rate": 0.05, "optimizer_weight_decay": 0.005, "hidden_size": 16, "avg_num_of_episodes_to_solve": 2720.0, "solved": false}, {"gamma": 0.96, "optimizer_learning_rate": 0.05, "optimizer_weight_decay": 0.0005, "hidden_size": 16, "avg_num_of_episodes_to_solve": 5000.0, "solved": false}, {"gamma": 0.96, "optimizer_learning_rate": 0.005, "optimizer_weight_decay": 0.5, "hidden_size": 8, "avg_num_of_episodes_to_solve": 5000.0, "solved": false}, {"gamma": 0.96, "optimizer_learning_rate": 0.005, "optimizer_weight_decay": 0.05, "hidden_size": 8, "avg_num_of_episodes_to_solve": 961.2, "solved": true}, {"gamma": 0.96, "optimizer_learning_rate": 0.005, "optimizer_weight_decay": 0.005, "hidden_size": 8, "avg_num_of_episodes_to_solve": 691.0, "solved": true}, {"gamma": 0.96, "optimizer_learning_rate": 0.005, "optimizer_weight_decay": 0.0005, "hidden_size": 8, "avg_num_of_episodes_to_solve": 682.0, "solved": true}, {"gamma": 0.96, "optimizer_learning_rate": 0.005, "optimizer_weight_decay": 0.5, "hidden_size": 10, "avg_num_of_episodes_to_solve": 5000.0, "solved": false}, {"gamma": 0.96, "optimizer_learning_rate": 0.005, "optimizer_weight_decay": 0.05, "hidden_size": 10, "avg_num_of_episodes_to_solve": 529.8, "solved": true}, {"gamma": 0.96, "optimizer_learning_rate": 0.005, "optimizer_weight_decay": 0.005, "hidden_size": 10, "avg_num_of_episodes_to_solve": 427.6, "solved": true}, {"gamma": 0.96, "optimizer_learning_rate": 0.005, "optimizer_weight_decay": 0.0005, "hidden_size": 10, "avg_num_of_episodes_to_solve": 522.4, "solved": true}, {"gamma": 0.96, "optimizer_learning_rate": 0.005, "optimizer_weight_decay": 0.5, "hidden_size": 12, "avg_num_of_episodes_to_solve": 5000.0, "solved": false}, {"gamma": 0.96, "optimizer_learning_rate": 0.005, "optimizer_weight_decay": 0.05, "hidden_size": 12, "avg_num_of_episodes_to_solve": 331.4, "solved": true}, {"gamma": 0.96, "optimizer_learning_rate": 0.005, "optimizer_weight_decay": 0.005, "hidden_size": 12, "avg_num_of_episodes_to_solve": 634.8, "solved": true}, {"gamma": 0.96, "optimizer_learning_rate": 0.005, "optimizer_weight_decay": 0.0005, "hidden_size": 12, "avg_num_of_episodes_to_solve": 723.4, "solved": true}, {"gamma": 0.96, "optimizer_learning_rate": 0.005, "optimizer_weight_decay": 0.5, "hidden_size": 14, "avg_num_of_episodes_to_solve": 5000.0, "solved": false}, {"gamma": 0.96, "optimizer_learning_rate": 0.005, "optimizer_weight_decay": 0.05, "hidden_size": 14, "avg_num_of_episodes_to_solve": 473.6, "solved": true}, {"gamma": 0.96, "optimizer_learning_rate": 0.005, "optimizer_weight_decay": 0.005, "hidden_size": 14, "avg_num_of_episodes_to_solve": 771.8, "solved": true}, {"gamma": 0.96, "optimizer_learning_rate": 0.005, "optimizer_weight_decay": 0.0005, "hidden_size": 14, "avg_num_of_episodes_to_solve": 476.4, "solved": true}, {"gamma": 0.96, "optimizer_learning_rate": 0.005, "optimizer_weight_decay": 0.5, "hidden_size": 16, "avg_num_of_episodes_to_solve": 5000.0, "solved": false}, {"gamma": 0.96, "optimizer_learning_rate": 0.005, "optimizer_weight_decay": 0.05, "hidden_size": 16, "avg_num_of_episodes_to_solve": 610.8, "solved": true}, {"gamma": 0.96, "optimizer_learning_rate": 0.005, "optimizer_weight_decay": 0.005, "hidden_size": 16, "avg_num_of_episodes_to_solve": 556.2, "solved": true}, {"gamma": 0.96, "optimizer_learning_rate": 0.005, "optimizer_weight_decay": 0.0005, "hidden_size": 16, "avg_num_of_episodes_to_solve": 702.2, "solved": true}, {"gamma": 0.96, "optimizer_learning_rate": 0.0005, "optimizer_weight_decay": 0.5, "hidden_size": 8, "avg_num_of_episodes_to_solve": 5000.0, "solved": false}, {"gamma": 0.96, "optimizer_learning_rate": 0.0005, "optimizer_weight_decay": 0.05, "hidden_size": 8, "avg_num_of_episodes_to_solve": 5000.0, "solved": false}, {"gamma": 0.96, "optimizer_learning_rate": 0.0005, "optimizer_weight_decay": 0.005, "hidden_size": 8, "avg_num_of_episodes_to_solve": 3719.0, "solved": true}, {"gamma": 0.96, "optimizer_learning_rate": 0.0005, "optimizer_weight_decay": 0.0005, "hidden_size": 8, "avg_num_of_episodes_to_solve": 4299.8, "solved": true}, {"gamma": 0.96, "optimizer_learning_rate": 0.0005, "optimizer_weight_decay": 0.5, "hidden_size": 10, "avg_num_of_episodes_to_solve": 5000.0, "solved": false}, {"gamma": 0.96, "optimizer_learning_rate": 0.0005, "optimizer_weight_decay": 0.05, "hidden_size": 10, "avg_num_of_episodes_to_solve": 3439.6, "solved": true}, {"gamma": 0.96, "optimizer_learning_rate": 0.0005, "optimizer_weight_decay": 0.005, "hidden_size": 10, "avg_num_of_episodes_to_solve": 3444.8, "solved": true}, {"gamma": 0.96, "optimizer_learning_rate": 0.0005, "optimizer_weight_decay": 0.0005, "hidden_size": 10, "avg_num_of_episodes_to_solve": 3833.3333333333335, "solved": false}, {"gamma": 0.96, "optimizer_learning_rate": 0.0005, "optimizer_weight_decay": 0.5, "hidden_size": 12, "avg_num_of_episodes_to_solve": 5000.0, "solved": false}, {"gamma": 0.96, "optimizer_learning_rate": 0.0005, "optimizer_weight_decay": 0.05, "hidden_size": 12, "avg_num_of_episodes_to_solve": 3908.8, "solved": true}, {"gamma": 0.96, "optimizer_learning_rate": 0.0005, "optimizer_weight_decay": 0.005, "hidden_size": 12, "avg_num_of_episodes_to_solve": 3856.5, "solved": false}, {"gamma": 0.96, "optimizer_learning_rate": 0.0005, "optimizer_weight_decay": 0.0005, "hidden_size": 12, "avg_num_of_episodes_to_solve": 2975.4, "solved": true}, {"gamma": 0.96, "optimizer_learning_rate": 0.0005, "optimizer_weight_decay": 0.5, "hidden_size": 14, "avg_num_of_episodes_to_solve": 5000.0, "solved": false}, {"gamma": 0.96, "optimizer_learning_rate": 0.0005, "optimizer_weight_decay": 0.05, "hidden_size": 14, "avg_num_of_episodes_to_solve": 4207.5, "solved": false}, {"gamma": 0.96, "optimizer_learning_rate": 0.0005, "optimizer_weight_decay": 0.005, "hidden_size": 14, "avg_num_of_episodes_to_solve": 3321.4, "solved": true}, {"gamma": 0.96, "optimizer_learning_rate": 0.0005, "optimizer_weight_decay": 0.0005, "hidden_size": 14, "avg_num_of_episodes_to_solve": 2803.6, "solved": true}, {"gamma": 0.96, "optimizer_learning_rate": 0.0005, "optimizer_weight_decay": 0.5, "hidden_size": 16, "avg_num_of_episodes_to_solve": 5000.0, "solved": false}, {"gamma": 0.96, "optimizer_learning_rate": 0.0005, "optimizer_weight_decay": 0.05, "hidden_size": 16, "avg_num_of_episodes_to_solve": 3419.0, "solved": true}, {"gamma": 0.96, "optimizer_learning_rate": 0.0005, "optimizer_weight_decay": 0.005, "hidden_size": 16, "avg_num_of_episodes_to_solve": 3323.4, "solved": true}, {"gamma": 0.96, "optimizer_learning_rate": 0.0005, "optimizer_weight_decay": 0.0005, "hidden_size": 16, "avg_num_of_episodes_to_solve": 2989.0, "solved": true}, {"gamma": 0.96, "optimizer_learning_rate": 0.01, "optimizer_weight_decay": 0.5, "hidden_size": 8, "avg_num_of_episodes_to_solve": 5000.0, "solved": false}, {"gamma": 0.96, "optimizer_learning_rate": 0.01, "optimizer_weight_decay": 0.05, "hidden_size": 8, "avg_num_of_episodes_to_solve": 708.0, "solved": true}, {"gamma": 0.96, "optimizer_learning_rate": 0.01, "optimizer_weight_decay": 0.005, "hidden_size": 8, "avg_num_of_episodes_to_solve": 400.8, "solved": true}, {"gamma": 0.96, "optimizer_learning_rate": 0.01, "optimizer_weight_decay": 0.0005, "hidden_size": 8, "avg_num_of_episodes_to_solve": 403.4, "solved": true}, {"gamma": 0.96, "optimizer_learning_rate": 0.01, "optimizer_weight_decay": 0.5, "hidden_size": 10, "avg_num_of_episodes_to_solve": 5000.0, "solved": false}, {"gamma": 0.96, "optimizer_learning_rate": 0.01, "optimizer_weight_decay": 0.05, "hidden_size": 10, "avg_num_of_episodes_to_solve": 826.6, "solved": true}, {"gamma": 0.96, "optimizer_learning_rate": 0.01, "optimizer_weight_decay": 0.005, "hidden_size": 10, "avg_num_of_episodes_to_solve": 651.2, "solved": true}, {"gamma": 0.96, "optimizer_learning_rate": 0.01, "optimizer_weight_decay": 0.0005, "hidden_size": 10, "avg_num_of_episodes_to_solve": 256.2, "solved": true}, {"gamma": 0.96, "optimizer_learning_rate": 0.01, "optimizer_weight_decay": 0.5, "hidden_size": 12, "avg_num_of_episodes_to_solve": 5000.0, "solved": false}, {"gamma": 0.96, "optimizer_learning_rate": 0.01, "optimizer_weight_decay": 0.05, "hidden_size": 12, "avg_num_of_episodes_to_solve": 302.0, "solved": true}, {"gamma": 0.96, "optimizer_learning_rate": 0.01, "optimizer_weight_decay": 0.005, "hidden_size": 12, "avg_num_of_episodes_to_solve": 255.4, "solved": true}, {"gamma": 0.96, "optimizer_learning_rate": 0.01, "optimizer_weight_decay": 0.0005, "hidden_size": 12, "avg_num_of_episodes_to_solve": 699.0, "solved": true}, {"gamma": 0.96, "optimizer_learning_rate": 0.01, "optimizer_weight_decay": 0.5, "hidden_size": 14, "avg_num_of_episodes_to_solve": 5000.0, "solved": false}, {"gamma": 0.96, "optimizer_learning_rate": 0.01, "optimizer_weight_decay": 0.05, "hidden_size": 14, "avg_num_of_episodes_to_solve": 670.6, "solved": true}, {"gamma": 0.96, "optimizer_learning_rate": 0.01, "optimizer_weight_decay": 0.005, "hidden_size": 14, "avg_num_of_episodes_to_solve": 394.2, "solved": true}, {"gamma": 0.96, "optimizer_learning_rate": 0.01, "optimizer_weight_decay": 0.0005, "hidden_size": 14, "avg_num_of_episodes_to_solve": 274.4, "solved": true}, {"gamma": 0.96, "optimizer_learning_rate": 0.01, "optimizer_weight_decay": 0.5, "hidden_size": 16, "avg_num_of_episodes_to_solve": 5000.0, "solved": false}, {"gamma": 0.96, "optimizer_learning_rate": 0.01, "optimizer_weight_decay": 0.05, "hidden_size": 16, "avg_num_of_episodes_to_solve": 341.4, "solved": true}, {"gamma": 0.96, "optimizer_learning_rate": 0.01, "optimizer_weight_decay": 0.005, "hidden_size": 16, "avg_num_of_episodes_to_solve": 377.8, "solved": true}, {"gamma": 0.96, "optimizer_learning_rate": 0.01, "optimizer_weight_decay": 0.0005, "hidden_size": 16, "avg_num_of_episodes_to_solve": 534.0, "solved": true}, {"gamma": 1, "optimizer_learning_rate": 0.5, "optimizer_weight_decay": 0.5, "hidden_size": 8, "avg_num_of_episodes_to_solve": 5000.0, "solved": false}, {"gamma": 1, "optimizer_learning_rate": 0.5, "optimizer_weight_decay": 0.05, "hidden_size": 8, "avg_num_of_episodes_to_solve": 5000.0, "solved": false}, {"gamma": 1, "optimizer_learning_rate": 0.5, "optimizer_weight_decay": 0.005, "hidden_size": 8, "avg_num_of_episodes_to_solve": 5000.0, "solved": false}, {"gamma": 1, "optimizer_learning_rate": 0.5, "optimizer_weight_decay": 0.0005, "hidden_size": 8, "avg_num_of_episodes_to_solve": 5000.0, "solved": false}, {"gamma": 1, "optimizer_learning_rate": 0.5, "optimizer_weight_decay": 0.5, "hidden_size": 10, "avg_num_of_episodes_to_solve": 5000.0, "solved": false}, {"gamma": 1, "optimizer_learning_rate": 0.5, "optimizer_weight_decay": 0.05, "hidden_size": 10, "avg_num_of_episodes_to_solve": 5000.0, "solved": false}, {"gamma": 1, "optimizer_learning_rate": 0.5, "optimizer_weight_decay": 0.005, "hidden_size": 10, "avg_num_of_episodes_to_solve": 5000.0, "solved": false}, {"gamma": 1, "optimizer_learning_rate": 0.5, "optimizer_weight_decay": 0.0005, "hidden_size": 10, "avg_num_of_episodes_to_solve": 5000.0, "solved": false}, {"gamma": 1, "optimizer_learning_rate": 0.5, "optimizer_weight_decay": 0.5, "hidden_size": 12, "avg_num_of_episodes_to_solve": 5000.0, "solved": false}, {"gamma": 1, "optimizer_learning_rate": 0.5, "optimizer_weight_decay": 0.05, "hidden_size": 12, "avg_num_of_episodes_to_solve": 5000.0, "solved": false}, {"gamma": 1, "optimizer_learning_rate": 0.5, "optimizer_weight_decay": 0.005, "hidden_size": 12, "avg_num_of_episodes_to_solve": 5000.0, "solved": false}, {"gamma": 1, "optimizer_learning_rate": 0.5, "optimizer_weight_decay": 0.0005, "hidden_size": 12, "avg_num_of_episodes_to_solve": 5000.0, "solved": false}, {"gamma": 1, "optimizer_learning_rate": 0.5, "optimizer_weight_decay": 0.5, "hidden_size": 14, "avg_num_of_episodes_to_solve": 5000.0, "solved": false}, {"gamma": 1, "optimizer_learning_rate": 0.5, "optimizer_weight_decay": 0.05, "hidden_size": 14, "avg_num_of_episodes_to_solve": 5000.0, "solved": false}, {"gamma": 1, "optimizer_learning_rate": 0.5, "optimizer_weight_decay": 0.005, "hidden_size": 14, "avg_num_of_episodes_to_solve": 5000.0, "solved": false}, {"gamma": 1, "optimizer_learning_rate": 0.5, "optimizer_weight_decay": 0.0005, "hidden_size": 14, "avg_num_of_episodes_to_solve": 5000.0, "solved": false}, {"gamma": 1, "optimizer_learning_rate": 0.5, "optimizer_weight_decay": 0.5, "hidden_size": 16, "avg_num_of_episodes_to_solve": 5000.0, "solved": false}, {"gamma": 1, "optimizer_learning_rate": 0.5, "optimizer_weight_decay": 0.05, "hidden_size": 16, "avg_num_of_episodes_to_solve": 5000.0, "solved": false}, {"gamma": 1, "optimizer_learning_rate": 0.5, "optimizer_weight_decay": 0.005, "hidden_size": 16, "avg_num_of_episodes_to_solve": 5000.0, "solved": false}, {"gamma": 1, "optimizer_learning_rate": 0.5, "optimizer_weight_decay": 0.0005, "hidden_size": 16, "avg_num_of_episodes_to_solve": 5000.0, "solved": false}, {"gamma": 1, "optimizer_learning_rate": 0.05, "optimizer_weight_decay": 0.5, "hidden_size": 8, "avg_num_of_episodes_to_solve": 5000.0, "solved": false}, {"gamma": 1, "optimizer_learning_rate": 0.05, "optimizer_weight_decay": 0.05, "hidden_size": 8, "avg_num_of_episodes_to_solve": 2434.5, "solved": false}, {"gamma": 1, "optimizer_learning_rate": 0.05, "optimizer_weight_decay": 0.005, "hidden_size": 8, "avg_num_of_episodes_to_solve": 4443.5, "solved": false}, {"gamma": 1, "optimizer_learning_rate": 0.05, "optimizer_weight_decay": 0.0005, "hidden_size": 8, "avg_num_of_episodes_to_solve": 5000.0, "solved": false}, {"gamma": 1, "optimizer_learning_rate": 0.05, "optimizer_weight_decay": 0.5, "hidden_size": 10, "avg_num_of_episodes_to_solve": 5000.0, "solved": false}, {"gamma": 1, "optimizer_learning_rate": 0.05, "optimizer_weight_decay": 0.05, "hidden_size": 10, "avg_num_of_episodes_to_solve": 5000.0, "solved": false}, {"gamma": 1, "optimizer_learning_rate": 0.05, "optimizer_weight_decay": 0.005, "hidden_size": 10, "avg_num_of_episodes_to_solve": 5000.0, "solved": false}, {"gamma": 1, "optimizer_learning_rate": 0.05, "optimizer_weight_decay": 0.0005, "hidden_size": 10, "avg_num_of_episodes_to_solve": 2099.0, "solved": false}, {"gamma": 1, "optimizer_learning_rate": 0.05, "optimizer_weight_decay": 0.5, "hidden_size": 12, "avg_num_of_episodes_to_solve": 5000.0, "solved": false}, {"gamma": 1, "optimizer_learning_rate": 0.05, "optimizer_weight_decay": 0.05, "hidden_size": 12, "avg_num_of_episodes_to_solve": 5000.0, "solved": false}, {"gamma": 1, "optimizer_learning_rate": 0.05, "optimizer_weight_decay": 0.005, "hidden_size": 12, "avg_num_of_episodes_to_solve": 5000.0, "solved": false}, {"gamma": 1, "optimizer_learning_rate": 0.05, "optimizer_weight_decay": 0.0005, "hidden_size": 12, "avg_num_of_episodes_to_solve": 2030.0, "solved": false}, {"gamma": 1, "optimizer_learning_rate": 0.05, "optimizer_weight_decay": 0.5, "hidden_size": 14, "avg_num_of_episodes_to_solve": 5000.0, "solved": false}, {"gamma": 1, "optimizer_learning_rate": 0.05, "optimizer_weight_decay": 0.05, "hidden_size": 14, "avg_num_of_episodes_to_solve": 5000.0, "solved": false}, {"gamma": 1, "optimizer_learning_rate": 0.05, "optimizer_weight_decay": 0.005, "hidden_size": 14, "avg_num_of_episodes_to_solve": 5000.0, "solved": false}, {"gamma": 1, "optimizer_learning_rate": 0.05, "optimizer_weight_decay": 0.0005, "hidden_size": 14, "avg_num_of_episodes_to_solve": 5000.0, "solved": false}, {"gamma": 1, "optimizer_learning_rate": 0.05, "optimizer_weight_decay": 0.5, "hidden_size": 16, "avg_num_of_episodes_to_solve": 5000.0, "solved": false}, {"gamma": 1, "optimizer_learning_rate": 0.05, "optimizer_weight_decay": 0.05, "hidden_size": 16, "avg_num_of_episodes_to_solve": 5000.0, "solved": false}, {"gamma": 1, "optimizer_learning_rate": 0.05, "optimizer_weight_decay": 0.005, "hidden_size": 16, "avg_num_of_episodes_to_solve": 5000.0, "solved": false}, {"gamma": 1, "optimizer_learning_rate": 0.05, "optimizer_weight_decay": 0.0005, "hidden_size": 16, "avg_num_of_episodes_to_solve": 5000.0, "solved": false}, {"gamma": 1, "optimizer_learning_rate": 0.005, "optimizer_weight_decay": 0.5, "hidden_size": 8, "avg_num_of_episodes_to_solve": 5000.0, "solved": false}, {"gamma": 1, "optimizer_learning_rate": 0.005, "optimizer_weight_decay": 0.05, "hidden_size": 8, "avg_num_of_episodes_to_solve": 440.4, "solved": true}, {"gamma": 1, "optimizer_learning_rate": 0.005, "optimizer_weight_decay": 0.005, "hidden_size": 8, "avg_num_of_episodes_to_solve": 506.6, "solved": true}, {"gamma": 1, "optimizer_learning_rate": 0.005, "optimizer_weight_decay": 0.0005, "hidden_size": 8, "avg_num_of_episodes_to_solve": 358.2, "solved": true}, {"gamma": 1, "optimizer_learning_rate": 0.005, "optimizer_weight_decay": 0.5, "hidden_size": 10, "avg_num_of_episodes_to_solve": 5000.0, "solved": false}, {"gamma": 1, "optimizer_learning_rate": 0.005, "optimizer_weight_decay": 0.05, "hidden_size": 10, "avg_num_of_episodes_to_solve": 351.2, "solved": true}, {"gamma": 1, "optimizer_learning_rate": 0.005, "optimizer_weight_decay": 0.005, "hidden_size": 10, "avg_num_of_episodes_to_solve": 346.4, "solved": true}, {"gamma": 1, "optimizer_learning_rate": 0.005, "optimizer_weight_decay": 0.0005, "hidden_size": 10, "avg_num_of_episodes_to_solve": 287.6, "solved": true}, {"gamma": 1, "optimizer_learning_rate": 0.005, "optimizer_weight_decay": 0.5, "hidden_size": 12, "avg_num_of_episodes_to_solve": 5000.0, "solved": false}, {"gamma": 1, "optimizer_learning_rate": 0.005, "optimizer_weight_decay": 0.05, "hidden_size": 12, "avg_num_of_episodes_to_solve": 302.0, "solved": true}, {"gamma": 1, "optimizer_learning_rate": 0.005, "optimizer_weight_decay": 0.005, "hidden_size": 12, "avg_num_of_episodes_to_solve": 423.6, "solved": true}, {"gamma": 1, "optimizer_learning_rate": 0.005, "optimizer_weight_decay": 0.0005, "hidden_size": 12, "avg_num_of_episodes_to_solve": 308.6, "solved": true}, {"gamma": 1, "optimizer_learning_rate": 0.005, "optimizer_weight_decay": 0.5, "hidden_size": 14, "avg_num_of_episodes_to_solve": 5000.0, "solved": false}, {"gamma": 1, "optimizer_learning_rate": 0.005, "optimizer_weight_decay": 0.05, "hidden_size": 14, "avg_num_of_episodes_to_solve": 364.2, "solved": true}, {"gamma": 1, "optimizer_learning_rate": 0.005, "optimizer_weight_decay": 0.005, "hidden_size": 14, "avg_num_of_episodes_to_solve": 367.0, "solved": true}, {"gamma": 1, "optimizer_learning_rate": 0.005, "optimizer_weight_decay": 0.0005, "hidden_size": 14, "avg_num_of_episodes_to_solve": 440.0, "solved": true}, {"gamma": 1, "optimizer_learning_rate": 0.005, "optimizer_weight_decay": 0.5, "hidden_size": 16, "avg_num_of_episodes_to_solve": 5000.0, "solved": false}, {"gamma": 1, "optimizer_learning_rate": 0.005, "optimizer_weight_decay": 0.05, "hidden_size": 16, "avg_num_of_episodes_to_solve": 435.4, "solved": true}, {"gamma": 1, "optimizer_learning_rate": 0.005, "optimizer_weight_decay": 0.005, "hidden_size": 16, "avg_num_of_episodes_to_solve": 359.0, "solved": true}, {"gamma": 1, "optimizer_learning_rate": 0.005, "optimizer_weight_decay": 0.0005, "hidden_size": 16, "avg_num_of_episodes_to_solve": 363.0, "solved": true}, {"gamma": 1, "optimizer_learning_rate": 0.0005, "optimizer_weight_decay": 0.5, "hidden_size": 8, "avg_num_of_episodes_to_solve": 5000.0, "solved": false}, {"gamma": 1, "optimizer_learning_rate": 0.0005, "optimizer_weight_decay": 0.05, "hidden_size": 8, "avg_num_of_episodes_to_solve": 2880.6, "solved": true}, {"gamma": 1, "optimizer_learning_rate": 0.0005, "optimizer_weight_decay": 0.005, "hidden_size": 8, "avg_num_of_episodes_to_solve": 2671.8, "solved": true}, {"gamma": 1, "optimizer_learning_rate": 0.0005, "optimizer_weight_decay": 0.0005, "hidden_size": 8, "avg_num_of_episodes_to_solve": 3029.6, "solved": true}, {"gamma": 1, "optimizer_learning_rate": 0.0005, "optimizer_weight_decay": 0.5, "hidden_size": 10, "avg_num_of_episodes_to_solve": 5000.0, "solved": false}, {"gamma": 1, "optimizer_learning_rate": 0.0005, "optimizer_weight_decay": 0.05, "hidden_size": 10, "avg_num_of_episodes_to_solve": 2392.0, "solved": true}, {"gamma": 1, "optimizer_learning_rate": 0.0005, "optimizer_weight_decay": 0.005, "hidden_size": 10, "avg_num_of_episodes_to_solve": 2057.2, "solved": true}, {"gamma": 1, "optimizer_learning_rate": 0.0005, "optimizer_weight_decay": 0.0005, "hidden_size": 10, "avg_num_of_episodes_to_solve": 1892.8, "solved": true}, {"gamma": 1, "optimizer_learning_rate": 0.0005, "optimizer_weight_decay": 0.5, "hidden_size": 12, "avg_num_of_episodes_to_solve": 5000.0, "solved": false}, {"gamma": 1, "optimizer_learning_rate": 0.0005, "optimizer_weight_decay": 0.05, "hidden_size": 12, "avg_num_of_episodes_to_solve": 2259.8, "solved": true}, {"gamma": 1, "optimizer_learning_rate": 0.0005, "optimizer_weight_decay": 0.005, "hidden_size": 12, "avg_num_of_episodes_to_solve": 1848.0, "solved": true}, {"gamma": 1, "optimizer_learning_rate": 0.0005, "optimizer_weight_decay": 0.0005, "hidden_size": 12, "avg_num_of_episodes_to_solve": 1968.4, "solved": true}, {"gamma": 1, "optimizer_learning_rate": 0.0005, "optimizer_weight_decay": 0.5, "hidden_size": 14, "avg_num_of_episodes_to_solve": 5000.0, "solved": false}, {"gamma": 1, "optimizer_learning_rate": 0.0005, "optimizer_weight_decay": 0.05, "hidden_size": 14, "avg_num_of_episodes_to_solve": 2248.6, "solved": true}, {"gamma": 1, "optimizer_learning_rate": 0.0005, "optimizer_weight_decay": 0.005, "hidden_size": 14, "avg_num_of_episodes_to_solve": 2003.8, "solved": true}, {"gamma": 1, "optimizer_learning_rate": 0.0005, "optimizer_weight_decay": 0.0005, "hidden_size": 14, "avg_num_of_episodes_to_solve": 2123.8, "solved": true}, {"gamma": 1, "optimizer_learning_rate": 0.0005, "optimizer_weight_decay": 0.5, "hidden_size": 16, "avg_num_of_episodes_to_solve": 5000.0, "solved": false}, {"gamma": 1, "optimizer_learning_rate": 0.0005, "optimizer_weight_decay": 0.05, "hidden_size": 16, "avg_num_of_episodes_to_solve": 1982.4, "solved": true}, {"gamma": 1, "optimizer_learning_rate": 0.0005, "optimizer_weight_decay": 0.005, "hidden_size": 16, "avg_num_of_episodes_to_solve": 1837.4, "solved": true}, {"gamma": 1, "optimizer_learning_rate": 0.0005, "optimizer_weight_decay": 0.0005, "hidden_size": 16, "avg_num_of_episodes_to_solve": 1934.2, "solved": true}, {"gamma": 1, "optimizer_learning_rate": 0.01, "optimizer_weight_decay": 0.5, "hidden_size": 8, "avg_num_of_episodes_to_solve": 5000.0, "solved": false}, {"gamma": 1, "optimizer_learning_rate": 0.01, "optimizer_weight_decay": 0.05, "hidden_size": 8, "avg_num_of_episodes_to_solve": 415.0, "solved": true}, {"gamma": 1, "optimizer_learning_rate": 0.01, "optimizer_weight_decay": 0.005, "hidden_size": 8, "avg_num_of_episodes_to_solve": 236.0, "solved": true}, {"gamma": 1, "optimizer_learning_rate": 0.01, "optimizer_weight_decay": 0.0005, "hidden_size": 8, "avg_num_of_episodes_to_solve": 372.0, "solved": true}, {"gamma": 1, "optimizer_learning_rate": 0.01, "optimizer_weight_decay": 0.5, "hidden_size": 10, "avg_num_of_episodes_to_solve": 5000.0, "solved": false}, {"gamma": 1, "optimizer_learning_rate": 0.01, "optimizer_weight_decay": 0.05, "hidden_size": 10, "avg_num_of_episodes_to_solve": 403.0, "solved": true}, {"gamma": 1, "optimizer_learning_rate": 0.01, "optimizer_weight_decay": 0.005, "hidden_size": 10, "avg_num_of_episodes_to_solve": 408.0, "solved": true}, {"gamma": 1, "optimizer_learning_rate": 0.01, "optimizer_weight_decay": 0.0005, "hidden_size": 10, "avg_num_of_episodes_to_solve": 250.0, "solved": true}, {"gamma": 1, "optimizer_learning_rate": 0.01, "optimizer_weight_decay": 0.5, "hidden_size": 12, "avg_num_of_episodes_to_solve": 5000.0, "solved": false}, {"gamma": 1, "optimizer_learning_rate": 0.01, "optimizer_weight_decay": 0.05, "hidden_size": 12, "avg_num_of_episodes_to_solve": 502.4, "solved": true}, {"gamma": 1, "optimizer_learning_rate": 0.01, "optimizer_weight_decay": 0.005, "hidden_size": 12, "avg_num_of_episodes_to_solve": 398.4, "solved": true}, {"gamma": 1, "optimizer_learning_rate": 0.01, "optimizer_weight_decay": 0.0005, "hidden_size": 12, "avg_num_of_episodes_to_solve": 284.2, "solved": true}, {"gamma": 1, "optimizer_learning_rate": 0.01, "optimizer_weight_decay": 0.5, "hidden_size": 14, "avg_num_of_episodes_to_solve": 5000.0, "solved": false}, {"gamma": 1, "optimizer_learning_rate": 0.01, "optimizer_weight_decay": 0.05, "hidden_size": 14, "avg_num_of_episodes_to_solve": 377.6, "solved": true}, {"gamma": 1, "optimizer_learning_rate": 0.01, "optimizer_weight_decay": 0.005, "hidden_size": 14, "avg_num_of_episodes_to_solve": 629.4, "solved": true}, {"gamma": 1, "optimizer_learning_rate": 0.01, "optimizer_weight_decay": 0.0005, "hidden_size": 14, "avg_num_of_episodes_to_solve": 250.0, "solved": true}, {"gamma": 1, "optimizer_learning_rate": 0.01, "optimizer_weight_decay": 0.5, "hidden_size": 16, "avg_num_of_episodes_to_solve": 5000.0, "solved": false}, {"gamma": 1, "optimizer_learning_rate": 0.01, "optimizer_weight_decay": 0.05, "hidden_size": 16, "avg_num_of_episodes_to_solve": 460.0, "solved": true}, {"gamma": 1, "optimizer_learning_rate": 0.01, "optimizer_weight_decay": 0.005, "hidden_size": 16, "avg_num_of_episodes_to_solve": 544.2, "solved": true}, {"gamma": 1, "optimizer_learning_rate": 0.01, "optimizer_weight_decay": 0.0005, "hidden_size": 16, "avg_num_of_episodes_to_solve": 561.0, "solved": true}]