[{"init": ["xavier_uniform", null], "activation": "none", "batch_norm": false, "dropout": false, "hidden_size": 1, "avg_num_of_episodes_to_solve": 407.2, "solved": true}, {"init": ["xavier_uniform", null], "activation": "none", "batch_norm": false, "dropout": false, "hidden_size": 10, "avg_num_of_episodes_to_solve": 468.8, "solved": true}, {"init": ["xavier_uniform", null], "activation": "none", "batch_norm": false, "dropout": false, "hidden_size": 20, "avg_num_of_episodes_to_solve": 402.2, "solved": true}, {"init": ["xavier_uniform", null], "activation": "none", "batch_norm": false, "dropout": false, "hidden_size": 80, "avg_num_of_episodes_to_solve": 2569.0, "solved": false}, {"init": ["xavier_uniform", null], "activation": "none", "batch_norm": false, "dropout": false, "hidden_size": 256, "avg_num_of_episodes_to_solve": 5000.0, "solved": false}, {"init": ["xavier_uniform", null], "activation": "relu", "batch_norm": false, "dropout": false, "hidden_size": 1, "avg_num_of_episodes_to_solve": 5000.0, "solved": false}, {"init": ["xavier_uniform", null], "activation": "relu", "batch_norm": false, "dropout": false, "hidden_size": 10, "avg_num_of_episodes_to_solve": 426.0, "solved": true}, {"init": ["xavier_uniform", null], "activation": "relu", "batch_norm": false, "dropout": false, "hidden_size": 20, "avg_num_of_episodes_to_solve": 700.4, "solved": true}, {"init": ["xavier_uniform", null], "activation": "relu", "batch_norm": false, "dropout": false, "hidden_size": 80, "avg_num_of_episodes_to_solve": 421.4, "solved": true}, {"init": ["xavier_uniform", null], "activation": "relu", "batch_norm": false, "dropout": false, "hidden_size": 256, "avg_num_of_episodes_to_solve": 5000.0, "solved": false}, {"init": ["xavier_uniform", null], "activation": "leakyrelu", "batch_norm": false, "dropout": false, "hidden_size": 1, "avg_num_of_episodes_to_solve": 2576.2, "solved": true}, {"init": ["xavier_uniform", null], "activation": "leakyrelu", "batch_norm": false, "dropout": false, "hidden_size": 10, "avg_num_of_episodes_to_solve": 524.8, "solved": true}, {"init": ["xavier_uniform", null], "activation": "leakyrelu", "batch_norm": false, "dropout": false, "hidden_size": 20, "avg_num_of_episodes_to_solve": 524.2, "solved": true}, {"init": ["xavier_uniform", null], "activation": "leakyrelu", "batch_norm": false, "dropout": false, "hidden_size": 80, "avg_num_of_episodes_to_solve": 1559.4, "solved": true}, {"init": ["xavier_uniform", null], "activation": "leakyrelu", "batch_norm": false, "dropout": false, "hidden_size": 256, "avg_num_of_episodes_to_solve": 5000.0, "solved": false}, {"init": ["xavier_uniform", null], "activation": "tanh", "batch_norm": false, "dropout": false, "hidden_size": 1, "avg_num_of_episodes_to_solve": 550.2, "solved": true}, {"init": ["xavier_uniform", null], "activation": "tanh", "batch_norm": false, "dropout": false, "hidden_size": 10, "avg_num_of_episodes_to_solve": 403.8, "solved": true}, {"init": ["xavier_uniform", null], "activation": "tanh", "batch_norm": false, "dropout": false, "hidden_size": 20, "avg_num_of_episodes_to_solve": 278.4, "solved": true}, {"init": ["xavier_uniform", null], "activation": "tanh", "batch_norm": false, "dropout": false, "hidden_size": 80, "avg_num_of_episodes_to_solve": 5000.0, "solved": false}, {"init": ["xavier_uniform", null], "activation": "tanh", "batch_norm": false, "dropout": false, "hidden_size": 256, "avg_num_of_episodes_to_solve": 5000.0, "solved": false}, {"init": ["xavier_uniform", null], "activation": "none", "batch_norm": true, "dropout": false, "hidden_size": 1, "avg_num_of_episodes_to_solve": 627.6, "solved": true}, {"init": ["xavier_uniform", null], "activation": "none", "batch_norm": true, "dropout": false, "hidden_size": 10, "avg_num_of_episodes_to_solve": 697.2, "solved": true}, {"init": ["xavier_uniform", null], "activation": "none", "batch_norm": true, "dropout": false, "hidden_size": 20, "avg_num_of_episodes_to_solve": 760.4, "solved": true}, {"init": ["xavier_uniform", null], "activation": "none", "batch_norm": true, "dropout": false, "hidden_size": 80, "avg_num_of_episodes_to_solve": 2408.0, "solved": false}, {"init": ["xavier_uniform", null], "activation": "none", "batch_norm": true, "dropout": false, "hidden_size": 256, "avg_num_of_episodes_to_solve": 3643.5, "solved": false}, {"init": ["xavier_uniform", null], "activation": "relu", "batch_norm": true, "dropout": false, "hidden_size": 1, "avg_num_of_episodes_to_solve": 3980.5, "solved": false}, {"init": ["xavier_uniform", null], "activation": "relu", "batch_norm": true, "dropout": false, "hidden_size": 10, "avg_num_of_episodes_to_solve": 562.6, "solved": true}, {"init": ["xavier_uniform", null], "activation": "relu", "batch_norm": true, "dropout": false, "hidden_size": 20, "avg_num_of_episodes_to_solve": 814.0, "solved": true}, {"init": ["xavier_uniform", null], "activation": "relu", "batch_norm": true, "dropout": false, "hidden_size": 80, "avg_num_of_episodes_to_solve": 2288.0, "solved": true}, {"init": ["xavier_uniform", null], "activation": "relu", "batch_norm": true, "dropout": false, "hidden_size": 256, "avg_num_of_episodes_to_solve": 5000.0, "solved": false}, {"init": ["xavier_uniform", null], "activation": "leakyrelu", "batch_norm": true, "dropout": false, "hidden_size": 1, "avg_num_of_episodes_to_solve": 5000.0, "solved": false}, {"init": ["xavier_uniform", null], "activation": "leakyrelu", "batch_norm": true, "dropout": false, "hidden_size": 10, "avg_num_of_episodes_to_solve": 399.6, "solved": true}, {"init": ["xavier_uniform", null], "activation": "leakyrelu", "batch_norm": true, "dropout": false, "hidden_size": 20, "avg_num_of_episodes_to_solve": 695.6, "solved": true}, {"init": ["xavier_uniform", null], "activation": "leakyrelu", "batch_norm": true, "dropout": false, "hidden_size": 80, "avg_num_of_episodes_to_solve": 5000.0, "solved": false}, {"init": ["xavier_uniform", null], "activation": "leakyrelu", "batch_norm": true, "dropout": false, "hidden_size": 256, "avg_num_of_episodes_to_solve": 5000.0, "solved": false}, {"init": ["xavier_uniform", null], "activation": "tanh", "batch_norm": true, "dropout": false, "hidden_size": 1, "avg_num_of_episodes_to_solve": 880.6, "solved": true}, {"init": ["xavier_uniform", null], "activation": "tanh", "batch_norm": true, "dropout": false, "hidden_size": 10, "avg_num_of_episodes_to_solve": 424.6, "solved": true}, {"init": ["xavier_uniform", null], "activation": "tanh", "batch_norm": true, "dropout": false, "hidden_size": 20, "avg_num_of_episodes_to_solve": 565.8, "solved": true}, {"init": ["xavier_uniform", null], "activation": "tanh", "batch_norm": true, "dropout": false, "hidden_size": 80, "avg_num_of_episodes_to_solve": 3061.0, "solved": false}, {"init": ["xavier_uniform", null], "activation": "tanh", "batch_norm": true, "dropout": false, "hidden_size": 256, "avg_num_of_episodes_to_solve": 5000.0, "solved": false},{"init": ["const", 0.1], "activation": "none", "batch_norm": false, "dropout": false, "hidden_size": 1, "avg_num_of_episodes_to_solve": 486.6, "solved": true}, {"init": ["const", 0.1], "activation": "none", "batch_norm": false, "dropout": false, "hidden_size": 10, "avg_num_of_episodes_to_solve": 285.8, "solved": true}, {"init": ["const", 0.1], "activation": "none", "batch_norm": false, "dropout": false, "hidden_size": 20, "avg_num_of_episodes_to_solve": 539.2, "solved": true}, {"init": ["const", 0.1], "activation": "none", "batch_norm": false, "dropout": false, "hidden_size": 80, "avg_num_of_episodes_to_solve": 330.2, "solved": true}, {"init": ["const", 0.1], "activation": "none", "batch_norm": false, "dropout": false, "hidden_size": 256, "avg_num_of_episodes_to_solve": 3890.0, "solved": false}, {"init": ["const", 0.1], "activation": "relu", "batch_norm": false, "dropout": false, "hidden_size": 1, "avg_num_of_episodes_to_solve": 1546.0, "solved": true}, {"init": ["const", 0.1], "activation": "relu", "batch_norm": false, "dropout": false, "hidden_size": 10, "avg_num_of_episodes_to_solve": 841.6, "solved": true}, {"init": ["const", 0.1], "activation": "relu", "batch_norm": false, "dropout": false, "hidden_size": 20, "avg_num_of_episodes_to_solve": 406.6, "solved": true}, {"init": ["const", 0.1], "activation": "relu", "batch_norm": false, "dropout": false, "hidden_size": 80, "avg_num_of_episodes_to_solve": 1020.2, "solved": true}, {"init": ["const", 0.1], "activation": "relu", "batch_norm": false, "dropout": false, "hidden_size": 256, "avg_num_of_episodes_to_solve": 2760.8, "solved": false}, {"init": ["const", 0.1], "activation": "leakyrelu", "batch_norm": false, "dropout": false, "hidden_size": 1, "avg_num_of_episodes_to_solve": 1209.0, "solved": true}, {"init": ["const", 0.1], "activation": "leakyrelu", "batch_norm": false, "dropout": false, "hidden_size": 10, "avg_num_of_episodes_to_solve": 1064.8, "solved": true}, {"init": ["const", 0.1], "activation": "leakyrelu", "batch_norm": false, "dropout": false, "hidden_size": 20, "avg_num_of_episodes_to_solve": 482.4, "solved": true}, {"init": ["const", 0.1], "activation": "leakyrelu", "batch_norm": false, "dropout": false, "hidden_size": 80, "avg_num_of_episodes_to_solve": 620.8, "solved": true}, {"init": ["const", 0.1], "activation": "leakyrelu", "batch_norm": false, "dropout": false, "hidden_size": 256, "avg_num_of_episodes_to_solve": 5000.0, "solved": false}, {"init": ["const", 0.1], "activation": "tanh", "batch_norm": false, "dropout": false, "hidden_size": 1, "avg_num_of_episodes_to_solve": 487.8, "solved": true}, {"init": ["const", 0.1], "activation": "tanh", "batch_norm": false, "dropout": false, "hidden_size": 10, "avg_num_of_episodes_to_solve": 178.0, "solved": true}, {"init": ["const", 0.1], "activation": "tanh", "batch_norm": false, "dropout": false, "hidden_size": 20, "avg_num_of_episodes_to_solve": 456.2, "solved": true}, {"init": ["const", 0.1], "activation": "tanh", "batch_norm": false, "dropout": false, "hidden_size": 80, "avg_num_of_episodes_to_solve": 1360.4, "solved": true}, {"init": ["const", 0.1], "activation": "tanh", "batch_norm": false, "dropout": false, "hidden_size": 256, "avg_num_of_episodes_to_solve": 2823.3333333333335, "solved": false}, {"init": ["const", 30], "activation": "none", "batch_norm": false, "dropout": false, "hidden_size": 1, "avg_num_of_episodes_to_solve": 2892.0, "solved": true}, {"init": ["const", 30], "activation": "none", "batch_norm": false, "dropout": false, "hidden_size": 10, "avg_num_of_episodes_to_solve": 5000.0, "solved": false}, {"init": ["const", 30], "activation": "none", "batch_norm": false, "dropout": false, "hidden_size": 20, "avg_num_of_episodes_to_solve": 5000.0, "solved": false}, {"init": ["const", 30], "activation": "none", "batch_norm": false, "dropout": false, "hidden_size": 80, "avg_num_of_episodes_to_solve": 5000.0, "solved": false}, {"init": ["const", 30], "activation": "none", "batch_norm": false, "dropout": false, "hidden_size": 256, "avg_num_of_episodes_to_solve": 5000.0, "solved": false}, {"init": ["const", 30], "activation": "relu", "batch_norm": false, "dropout": false, "hidden_size": 1, "avg_num_of_episodes_to_solve": 3625.6, "solved": true}, {"init": ["const", 30], "activation": "relu", "batch_norm": false, "dropout": false, "hidden_size": 10, "avg_num_of_episodes_to_solve": 5000.0, "solved": false}, {"init": ["const", 30], "activation": "relu", "batch_norm": false, "dropout": false, "hidden_size": 20, "avg_num_of_episodes_to_solve": 5000.0, "solved": false}, {"init": ["const", 30], "activation": "relu", "batch_norm": false, "dropout": false, "hidden_size": 80, "avg_num_of_episodes_to_solve": 5000.0, "solved": false}, {"init": ["const", 30], "activation": "relu", "batch_norm": false, "dropout": false, "hidden_size": 256, "avg_num_of_episodes_to_solve": 5000.0, "solved": false}, {"init": ["const", 30], "activation": "leakyrelu", "batch_norm": false, "dropout": false, "hidden_size": 1, "avg_num_of_episodes_to_solve": 3561.0, "solved": true}, {"init": ["const", 30], "activation": "leakyrelu", "batch_norm": false, "dropout": false, "hidden_size": 10, "avg_num_of_episodes_to_solve": 5000.0, "solved": false}, {"init": ["const", 30], "activation": "leakyrelu", "batch_norm": false, "dropout": false, "hidden_size": 20, "avg_num_of_episodes_to_solve": 5000.0, "solved": false}, {"init": ["const", 30], "activation": "leakyrelu", "batch_norm": false, "dropout": false, "hidden_size": 80, "avg_num_of_episodes_to_solve": 4722.0, "solved": false}, {"init": ["const", 30], "activation": "leakyrelu", "batch_norm": false, "dropout": false, "hidden_size": 256, "avg_num_of_episodes_to_solve": 5000.0, "solved": false}, {"init": ["const", 30], "activation": "tanh", "batch_norm": false, "dropout": false, "hidden_size": 1, "avg_num_of_episodes_to_solve": 4330.6, "solved": false}, {"init": ["const", 30], "activation": "tanh", "batch_norm": false, "dropout": false, "hidden_size": 10, "avg_num_of_episodes_to_solve": 5000.0, "solved": false}, {"init": ["const", 30], "activation": "tanh", "batch_norm": false, "dropout": false, "hidden_size": 20, "avg_num_of_episodes_to_solve": 5000.0, "solved": false}, {"init": ["const", 30], "activation": "tanh", "batch_norm": false, "dropout": false, "hidden_size": 80, "avg_num_of_episodes_to_solve": 5000.0, "solved": false}, {"init": ["const", 30], "activation": "tanh", "batch_norm": false, "dropout": false, "hidden_size": 256, "avg_num_of_episodes_to_solve": 5000.0, "solved": false}, {"init": ["uniform", 0.1], "activation": "none", "batch_norm": false, "dropout": false, "hidden_size": 1, "avg_num_of_episodes_to_solve": 632.6, "solved": true}, {"init": ["uniform", 0.1], "activation": "none", "batch_norm": false, "dropout": false, "hidden_size": 10, "avg_num_of_episodes_to_solve": 441.8, "solved": true}, {"init": ["uniform", 0.1], "activation": "none", "batch_norm": false, "dropout": false, "hidden_size": 20, "avg_num_of_episodes_to_solve": 418.6, "solved": true}, {"init": ["uniform", 0.1], "activation": "none", "batch_norm": false, "dropout": false, "hidden_size": 80, "avg_num_of_episodes_to_solve": 2068.2, "solved": true}, {"init": ["uniform", 0.1], "activation": "none", "batch_norm": false, "dropout": false, "hidden_size": 256, "avg_num_of_episodes_to_solve": 5000.0, "solved": false}, {"init": ["uniform", 0.1], "activation": "relu", "batch_norm": false, "dropout": false, "hidden_size": 1, "avg_num_of_episodes_to_solve": 1611.0, "solved": false}, {"init": ["uniform", 0.1], "activation": "relu", "batch_norm": false, "dropout": false, "hidden_size": 10, "avg_num_of_episodes_to_solve": 445.2, "solved": true}, {"init": ["uniform", 0.1], "activation": "relu", "batch_norm": false, "dropout": false, "hidden_size": 20, "avg_num_of_episodes_to_solve": 443.0, "solved": true}, {"init": ["uniform", 0.1], "activation": "relu", "batch_norm": false, "dropout": false, "hidden_size": 80, "avg_num_of_episodes_to_solve": 1335.4, "solved": false}, {"init": ["uniform", 0.1], "activation": "relu", "batch_norm": false, "dropout": false, "hidden_size": 256, "avg_num_of_episodes_to_solve": 1974.0, "solved": false}, {"init": ["uniform", 0.1], "activation": "leakyrelu", "batch_norm": false, "dropout": false, "hidden_size": 1, "avg_num_of_episodes_to_solve": 2159.6, "solved": true}, {"init": ["uniform", 0.1], "activation": "leakyrelu", "batch_norm": false, "dropout": false, "hidden_size": 10, "avg_num_of_episodes_to_solve": 336.0, "solved": true}, {"init": ["uniform", 0.1], "activation": "leakyrelu", "batch_norm": false, "dropout": false, "hidden_size": 20, "avg_num_of_episodes_to_solve": 678.4, "solved": true}, {"init": ["uniform", 0.1], "activation": "leakyrelu", "batch_norm": false, "dropout": false, "hidden_size": 80, "avg_num_of_episodes_to_solve": 785.8, "solved": true}, {"init": ["uniform", 0.1], "activation": "leakyrelu", "batch_norm": false, "dropout": false, "hidden_size": 256, "avg_num_of_episodes_to_solve": 5000.0, "solved": false}, {"init": ["uniform", 0.1], "activation": "tanh", "batch_norm": false, "dropout": false, "hidden_size": 1, "avg_num_of_episodes_to_solve": 459.4, "solved": true}, {"init": ["uniform", 0.1], "activation": "tanh", "batch_norm": false, "dropout": false, "hidden_size": 10, "avg_num_of_episodes_to_solve": 573.0, "solved": true}, {"init": ["uniform", 0.1], "activation": "tanh", "batch_norm": false, "dropout": false, "hidden_size": 20, "avg_num_of_episodes_to_solve": 271.2, "solved": true}, {"init": ["uniform", 0.1], "activation": "tanh", "batch_norm": false, "dropout": false, "hidden_size": 80, "avg_num_of_episodes_to_solve": 1209.6, "solved": true}, {"init": ["uniform", 0.1], "activation": "tanh", "batch_norm": false, "dropout": false, "hidden_size": 256, "avg_num_of_episodes_to_solve": 5000.0, "solved": false}, {"init": ["uniform", 30], "activation": "none", "batch_norm": false, "dropout": false, "hidden_size": 1, "avg_num_of_episodes_to_solve": 5000.0, "solved": false}, {"init": ["uniform", 30], "activation": "none", "batch_norm": false, "dropout": false, "hidden_size": 10, "avg_num_of_episodes_to_solve": 5000.0, "solved": false}, {"init": ["uniform", 30], "activation": "none", "batch_norm": false, "dropout": false, "hidden_size": 20, "avg_num_of_episodes_to_solve": 5000.0, "solved": false}, {"init": ["uniform", 30], "activation": "none", "batch_norm": false, "dropout": false, "hidden_size": 80, "avg_num_of_episodes_to_solve": 5000.0, "solved": false}, {"init": ["uniform", 30], "activation": "none", "batch_norm": false, "dropout": false, "hidden_size": 256, "avg_num_of_episodes_to_solve": 5000.0, "solved": false}, {"init": ["uniform", 30], "activation": "relu", "batch_norm": false, "dropout": false, "hidden_size": 1, "avg_num_of_episodes_to_solve": 3982.8, "solved": true}, {"init": ["uniform", 30], "activation": "relu", "batch_norm": false, "dropout": false, "hidden_size": 10, "avg_num_of_episodes_to_solve": 5000.0, "solved": false}, {"init": ["uniform", 30], "activation": "relu", "batch_norm": false, "dropout": false, "hidden_size": 20, "avg_num_of_episodes_to_solve": 5000.0, "solved": false}, {"init": ["uniform", 30], "activation": "relu", "batch_norm": false, "dropout": false, "hidden_size": 80, "avg_num_of_episodes_to_solve": 5000.0, "solved": false}, {"init": ["uniform", 30], "activation": "relu", "batch_norm": false, "dropout": false, "hidden_size": 256, "avg_num_of_episodes_to_solve": 5000.0, "solved": false}, {"init": ["uniform", 30], "activation": "leakyrelu", "batch_norm": false, "dropout": false, "hidden_size": 1, "avg_num_of_episodes_to_solve": 5000.0, "solved": false}, {"init": ["uniform", 30], "activation": "leakyrelu", "batch_norm": false, "dropout": false, "hidden_size": 10, "avg_num_of_episodes_to_solve": 5000.0, "solved": false}, {"init": ["uniform", 30], "activation": "leakyrelu", "batch_norm": false, "dropout": false, "hidden_size": 20, "avg_num_of_episodes_to_solve": 5000.0, "solved": false}, {"init": ["uniform", 30], "activation": "leakyrelu", "batch_norm": false, "dropout": false, "hidden_size": 80, "avg_num_of_episodes_to_solve": 5000.0, "solved": false}, {"init": ["uniform", 30], "activation": "leakyrelu", "batch_norm": false, "dropout": false, "hidden_size": 256, "avg_num_of_episodes_to_solve": 5000.0, "solved": false}, {"init": ["uniform", 30], "activation": "tanh", "batch_norm": false, "dropout": false, "hidden_size": 1, "avg_num_of_episodes_to_solve": 4410.0, "solved": false}, {"init": ["uniform", 30], "activation": "tanh", "batch_norm": false, "dropout": false, "hidden_size": 10, "avg_num_of_episodes_to_solve": 5000.0, "solved": false}, {"init": ["uniform", 30], "activation": "tanh", "batch_norm": false, "dropout": false, "hidden_size": 20, "avg_num_of_episodes_to_solve": 5000.0, "solved": false}, {"init": ["uniform", 30], "activation": "tanh", "batch_norm": false, "dropout": false, "hidden_size": 80, "avg_num_of_episodes_to_solve": 5000.0, "solved": false}, {"init": ["uniform", 30], "activation": "tanh", "batch_norm": false, "dropout": false, "hidden_size": 256, "avg_num_of_episodes_to_solve": 5000.0, "solved": false}, {"init": ["pytorch_default", null], "activation": "none", "batch_norm": false, "dropout": false, "hidden_size": 1, "avg_num_of_episodes_to_solve": 564.2, "solved": true}, {"init": ["pytorch_default", null], "activation": "none", "batch_norm": false, "dropout": false, "hidden_size": 10, "avg_num_of_episodes_to_solve": 837.8, "solved": true}, {"init": ["pytorch_default", null], "activation": "none", "batch_norm": false, "dropout": false, "hidden_size": 20, "avg_num_of_episodes_to_solve": 429.2, "solved": true}, {"init": ["pytorch_default", null], "activation": "none", "batch_norm": false, "dropout": false, "hidden_size": 80, "avg_num_of_episodes_to_solve": 391.2, "solved": true}, {"init": ["pytorch_default", null], "activation": "none", "batch_norm": false, "dropout": false, "hidden_size": 256, "avg_num_of_episodes_to_solve": 4673.5, "solved": false}, {"init": ["pytorch_default", null], "activation": "relu", "batch_norm": false, "dropout": false, "hidden_size": 1, "avg_num_of_episodes_to_solve": 2826.0, "solved": false}, {"init": ["pytorch_default", null], "activation": "relu", "batch_norm": false, "dropout": false, "hidden_size": 10, "avg_num_of_episodes_to_solve": 410.4, "solved": true}, {"init": ["pytorch_default", null], "activation": "relu", "batch_norm": false, "dropout": false, "hidden_size": 20, "avg_num_of_episodes_to_solve": 469.8, "solved": true}, {"init": ["pytorch_default", null], "activation": "relu", "batch_norm": false, "dropout": false, "hidden_size": 80, "avg_num_of_episodes_to_solve": 451.6, "solved": true}, {"init": ["pytorch_default", null], "activation": "relu", "batch_norm": false, "dropout": false, "hidden_size": 256, "avg_num_of_episodes_to_solve": 1254.8, "solved": true}, {"init": ["pytorch_default", null], "activation": "leakyrelu", "batch_norm": false, "dropout": false, "hidden_size": 1, "avg_num_of_episodes_to_solve": 1189.4, "solved": true}, {"init": ["pytorch_default", null], "activation": "leakyrelu", "batch_norm": false, "dropout": false, "hidden_size": 10, "avg_num_of_episodes_to_solve": 474.6, "solved": true}, {"init": ["pytorch_default", null], "activation": "leakyrelu", "batch_norm": false, "dropout": false, "hidden_size": 20, "avg_num_of_episodes_to_solve": 528.2, "solved": true}, {"init": ["pytorch_default", null], "activation": "leakyrelu", "batch_norm": false, "dropout": false, "hidden_size": 80, "avg_num_of_episodes_to_solve": 352.6, "solved": true}, {"init": ["pytorch_default", null], "activation": "leakyrelu", "batch_norm": false, "dropout": false, "hidden_size": 256, "avg_num_of_episodes_to_solve": 2930.0, "solved": false}, {"init": ["pytorch_default", null], "activation": "tanh", "batch_norm": false, "dropout": false, "hidden_size": 1, "avg_num_of_episodes_to_solve": 363.4, "solved": true}, {"init": ["pytorch_default", null], "activation": "tanh", "batch_norm": false, "dropout": false, "hidden_size": 10, "avg_num_of_episodes_to_solve": 788.6, "solved": true}, {"init": ["pytorch_default", null], "activation": "tanh", "batch_norm": false, "dropout": false, "hidden_size": 20, "avg_num_of_episodes_to_solve": 281.0, "solved": true}, {"init": ["pytorch_default", null], "activation": "tanh", "batch_norm": false, "dropout": false, "hidden_size": 80, "avg_num_of_episodes_to_solve": 910.4, "solved": true}, {"init": ["pytorch_default", null], "activation": "tanh", "batch_norm": false, "dropout": false, "hidden_size": 256, "avg_num_of_episodes_to_solve": 5000.0, "solved": false}, {"init": ["const", 0.1], "activation": "none", "batch_norm": true, "dropout": false, "hidden_size": 1, "avg_num_of_episodes_to_solve": 387.8, "solved": true}, {"init": ["const", 0.1], "activation": "none", "batch_norm": true, "dropout": false, "hidden_size": 10, "avg_num_of_episodes_to_solve": 639.8, "solved": true}, {"init": ["const", 0.1], "activation": "none", "batch_norm": true, "dropout": false, "hidden_size": 20, "avg_num_of_episodes_to_solve": 832.2, "solved": true}, {"init": ["const", 0.1], "activation": "none", "batch_norm": true, "dropout": false, "hidden_size": 80, "avg_num_of_episodes_to_solve": 1405.6, "solved": false}, {"init": ["const", 0.1], "activation": "none", "batch_norm": true, "dropout": false, "hidden_size": 256, "avg_num_of_episodes_to_solve": 5000.0, "solved": false}, {"init": ["const", 0.1], "activation": "relu", "batch_norm": true, "dropout": false, "hidden_size": 1, "avg_num_of_episodes_to_solve": 503.6, "solved": true}, {"init": ["const", 0.1], "activation": "relu", "batch_norm": true, "dropout": false, "hidden_size": 10, "avg_num_of_episodes_to_solve": 427.8, "solved": true}, {"init": ["const", 0.1], "activation": "relu", "batch_norm": true, "dropout": false, "hidden_size": 20, "avg_num_of_episodes_to_solve": 818.2, "solved": true}, {"init": ["const", 0.1], "activation": "relu", "batch_norm": true, "dropout": false, "hidden_size": 80, "avg_num_of_episodes_to_solve": 5000.0, "solved": false}, {"init": ["const", 0.1], "activation": "relu", "batch_norm": true, "dropout": false, "hidden_size": 256, "avg_num_of_episodes_to_solve": 5000.0, "solved": false}, {"init": ["const", 0.1], "activation": "leakyrelu", "batch_norm": true, "dropout": false, "hidden_size": 1, "avg_num_of_episodes_to_solve": 2130.6666666666665, "solved": false}, {"init": ["const", 0.1], "activation": "leakyrelu", "batch_norm": true, "dropout": false, "hidden_size": 10, "avg_num_of_episodes_to_solve": 1967.0, "solved": false}, {"init": ["const", 0.1], "activation": "leakyrelu", "batch_norm": true, "dropout": false, "hidden_size": 20, "avg_num_of_episodes_to_solve": 338.0, "solved": true}, {"init": ["const", 0.1], "activation": "leakyrelu", "batch_norm": true, "dropout": false, "hidden_size": 80, "avg_num_of_episodes_to_solve": 2260.0, "solved": false}, {"init": ["const", 0.1], "activation": "leakyrelu", "batch_norm": true, "dropout": false, "hidden_size": 256, "avg_num_of_episodes_to_solve": 5000.0, "solved": false}, {"init": ["const", 0.1], "activation": "tanh", "batch_norm": true, "dropout": false, "hidden_size": 1, "avg_num_of_episodes_to_solve": 972.2, "solved": true}, {"init": ["const", 0.1], "activation": "tanh", "batch_norm": true, "dropout": false, "hidden_size": 10, "avg_num_of_episodes_to_solve": 2613.0, "solved": true}, {"init": ["const", 0.1], "activation": "tanh", "batch_norm": true, "dropout": false, "hidden_size": 20, "avg_num_of_episodes_to_solve": 736.6, "solved": true}, {"init": ["const", 0.1], "activation": "tanh", "batch_norm": true, "dropout": false, "hidden_size": 80, "avg_num_of_episodes_to_solve": 1280.8, "solved": true}, {"init": ["const", 0.1], "activation": "tanh", "batch_norm": true, "dropout": false, "hidden_size": 256, "avg_num_of_episodes_to_solve": 3277.3333333333335, "solved": false}, {"init": ["const", 30], "activation": "none", "batch_norm": true, "dropout": false, "hidden_size": 1, "avg_num_of_episodes_to_solve": 3071.4, "solved": true}, {"init": ["const", 30], "activation": "none", "batch_norm": true, "dropout": false, "hidden_size": 10, "avg_num_of_episodes_to_solve": 5000.0, "solved": false}, {"init": ["const", 30], "activation": "none", "batch_norm": true, "dropout": false, "hidden_size": 20, "avg_num_of_episodes_to_solve": 5000.0, "solved": false}, {"init": ["const", 30], "activation": "none", "batch_norm": true, "dropout": false, "hidden_size": 80, "avg_num_of_episodes_to_solve": 5000.0, "solved": false}, {"init": ["const", 30], "activation": "none", "batch_norm": true, "dropout": false, "hidden_size": 256, "avg_num_of_episodes_to_solve": 4784.5, "solved": false}, {"init": ["const", 30], "activation": "relu", "batch_norm": true, "dropout": false, "hidden_size": 1, "avg_num_of_episodes_to_solve": 3165.2, "solved": true}, {"init": ["const", 30], "activation": "relu", "batch_norm": true, "dropout": false, "hidden_size": 10, "avg_num_of_episodes_to_solve": 5000.0, "solved": false}, {"init": ["const", 30], "activation": "relu", "batch_norm": true, "dropout": false, "hidden_size": 20, "avg_num_of_episodes_to_solve": 5000.0, "solved": false}, {"init": ["const", 30], "activation": "relu", "batch_norm": true, "dropout": false, "hidden_size": 80, "avg_num_of_episodes_to_solve": 5000.0, "solved": false}, {"init": ["const", 30], "activation": "relu", "batch_norm": true, "dropout": false, "hidden_size": 256, "avg_num_of_episodes_to_solve": 5000.0, "solved": false}, {"init": ["const", 30], "activation": "leakyrelu", "batch_norm": true, "dropout": false, "hidden_size": 1, "avg_num_of_episodes_to_solve": 3989.25, "solved": false}, {"init": ["const", 30], "activation": "leakyrelu", "batch_norm": true, "dropout": false, "hidden_size": 10, "avg_num_of_episodes_to_solve": 4876.5, "solved": false}, {"init": ["const", 30], "activation": "leakyrelu", "batch_norm": true, "dropout": false, "hidden_size": 20, "avg_num_of_episodes_to_solve": 4831.0, "solved": false}, {"init": ["const", 30], "activation": "leakyrelu", "batch_norm": true, "dropout": false, "hidden_size": 80, "avg_num_of_episodes_to_solve": 5000.0, "solved": false}, {"init": ["const", 30], "activation": "leakyrelu", "batch_norm": true, "dropout": false, "hidden_size": 256, "avg_num_of_episodes_to_solve": 5000.0, "solved": false}, {"init": ["const", 30], "activation": "tanh", "batch_norm": true, "dropout": false, "hidden_size": 1, "avg_num_of_episodes_to_solve": 4300.5, "solved": false}, {"init": ["const", 30], "activation": "tanh", "batch_norm": true, "dropout": false, "hidden_size": 10, "avg_num_of_episodes_to_solve": 4616.0, "solved": false}, {"init": ["const", 30], "activation": "tanh", "batch_norm": true, "dropout": false, "hidden_size": 20, "avg_num_of_episodes_to_solve": 5000.0, "solved": false}, {"init": ["const", 30], "activation": "tanh", "batch_norm": true, "dropout": false, "hidden_size": 80, "avg_num_of_episodes_to_solve": 5000.0, "solved": false}, {"init": ["const", 30], "activation": "tanh", "batch_norm": true, "dropout": false, "hidden_size": 256, "avg_num_of_episodes_to_solve": 5000.0, "solved": false}, {"init": ["uniform", 0.1], "activation": "none", "batch_norm": true, "dropout": false, "hidden_size": 1, "avg_num_of_episodes_to_solve": 569.0, "solved": true}, {"init": ["uniform", 0.1], "activation": "none", "batch_norm": true, "dropout": false, "hidden_size": 10, "avg_num_of_episodes_to_solve": 272.4, "solved": true}, {"init": ["uniform", 0.1], "activation": "none", "batch_norm": true, "dropout": false, "hidden_size": 20, "avg_num_of_episodes_to_solve": 873.0, "solved": true}, {"init": ["uniform", 0.1], "activation": "none", "batch_norm": true, "dropout": false, "hidden_size": 80, "avg_num_of_episodes_to_solve": 3077.0, "solved": false}, {"init": ["uniform", 0.1], "activation": "none", "batch_norm": true, "dropout": false, "hidden_size": 256, "avg_num_of_episodes_to_solve": 4443.5, "solved": false}, {"init": ["uniform", 0.1], "activation": "relu", "batch_norm": true, "dropout": false, "hidden_size": 1, "avg_num_of_episodes_to_solve": 5000.0, "solved": false}, {"init": ["uniform", 0.1], "activation": "relu", "batch_norm": true, "dropout": false, "hidden_size": 10, "avg_num_of_episodes_to_solve": 959.4, "solved": true}, {"init": ["uniform", 0.1], "activation": "relu", "batch_norm": true, "dropout": false, "hidden_size": 20, "avg_num_of_episodes_to_solve": 1104.8, "solved": true}, {"init": ["uniform", 0.1], "activation": "relu", "batch_norm": true, "dropout": false, "hidden_size": 80, "avg_num_of_episodes_to_solve": 2299.0, "solved": false}, {"init": ["uniform", 0.1], "activation": "relu", "batch_norm": true, "dropout": false, "hidden_size": 256, "avg_num_of_episodes_to_solve": 5000.0, "solved": false}, {"init": ["uniform", 0.1], "activation": "leakyrelu", "batch_norm": true, "dropout": false, "hidden_size": 1, "avg_num_of_episodes_to_solve": 5000.0, "solved": false}, {"init": ["uniform", 0.1], "activation": "leakyrelu", "batch_norm": true, "dropout": false, "hidden_size": 10, "avg_num_of_episodes_to_solve": 456.0, "solved": true}, {"init": ["uniform", 0.1], "activation": "leakyrelu", "batch_norm": true, "dropout": false, "hidden_size": 20, "avg_num_of_episodes_to_solve": 1061.2, "solved": true}, {"init": ["uniform", 0.1], "activation": "leakyrelu", "batch_norm": true, "dropout": false, "hidden_size": 80, "avg_num_of_episodes_to_solve": 2395.6666666666665, "solved": false}, {"init": ["uniform", 0.1], "activation": "leakyrelu", "batch_norm": true, "dropout": false, "hidden_size": 256, "avg_num_of_episodes_to_solve": 5000.0, "solved": false}, {"init": ["uniform", 0.1], "activation": "tanh", "batch_norm": true, "dropout": false, "hidden_size": 1, "avg_num_of_episodes_to_solve": 359.0, "solved": true}, {"init": ["uniform", 0.1], "activation": "tanh", "batch_norm": true, "dropout": false, "hidden_size": 10, "avg_num_of_episodes_to_solve": 422.8, "solved": true}, {"init": ["uniform", 0.1], "activation": "tanh", "batch_norm": true, "dropout": false, "hidden_size": 20, "avg_num_of_episodes_to_solve": 1246.6, "solved": true}, {"init": ["uniform", 0.1], "activation": "tanh", "batch_norm": true, "dropout": false, "hidden_size": 80, "avg_num_of_episodes_to_solve": 2169.2, "solved": false}, {"init": ["uniform", 0.1], "activation": "tanh", "batch_norm": true, "dropout": false, "hidden_size": 256, "avg_num_of_episodes_to_solve": 5000.0, "solved": false}, {"init": ["uniform", 30], "activation": "none", "batch_norm": true, "dropout": false, "hidden_size": 1, "avg_num_of_episodes_to_solve": 5000.0, "solved": false}, {"init": ["uniform", 30], "activation": "none", "batch_norm": true, "dropout": false, "hidden_size": 10, "avg_num_of_episodes_to_solve": 5000.0, "solved": false}, {"init": ["uniform", 30], "activation": "none", "batch_norm": true, "dropout": false, "hidden_size": 20, "avg_num_of_episodes_to_solve": 5000.0, "solved": false}, {"init": ["uniform", 30], "activation": "none", "batch_norm": true, "dropout": false, "hidden_size": 80, "avg_num_of_episodes_to_solve": 5000.0, "solved": false}, {"init": ["uniform", 30], "activation": "none", "batch_norm": true, "dropout": false, "hidden_size": 256, "avg_num_of_episodes_to_solve": 5000.0, "solved": false}, {"init": ["uniform", 30], "activation": "relu", "batch_norm": true, "dropout": false, "hidden_size": 1, "avg_num_of_episodes_to_solve": 3580.6, "solved": true}, {"init": ["uniform", 30], "activation": "relu", "batch_norm": true, "dropout": false, "hidden_size": 10, "avg_num_of_episodes_to_solve": 5000.0, "solved": false}, {"init": ["uniform", 30], "activation": "relu", "batch_norm": true, "dropout": false, "hidden_size": 20, "avg_num_of_episodes_to_solve": 5000.0, "solved": false}, {"init": ["uniform", 30], "activation": "relu", "batch_norm": true, "dropout": false, "hidden_size": 80, "avg_num_of_episodes_to_solve": 5000.0, "solved": false}, {"init": ["uniform", 30], "activation": "relu", "batch_norm": true, "dropout": false, "hidden_size": 256, "avg_num_of_episodes_to_solve": 5000.0, "solved": false}, {"init": ["uniform", 30], "activation": "leakyrelu", "batch_norm": true, "dropout": false, "hidden_size": 1, "avg_num_of_episodes_to_solve": 5000.0, "solved": false}, {"init": ["uniform", 30], "activation": "leakyrelu", "batch_norm": true, "dropout": false, "hidden_size": 10, "avg_num_of_episodes_to_solve": 5000.0, "solved": false}, {"init": ["uniform", 30], "activation": "leakyrelu", "batch_norm": true, "dropout": false, "hidden_size": 20, "avg_num_of_episodes_to_solve": 5000.0, "solved": false}, {"init": ["uniform", 30], "activation": "leakyrelu", "batch_norm": true, "dropout": false, "hidden_size": 80, "avg_num_of_episodes_to_solve": 5000.0, "solved": false}, {"init": ["uniform", 30], "activation": "leakyrelu", "batch_norm": true, "dropout": false, "hidden_size": 256, "avg_num_of_episodes_to_solve": 5000.0, "solved": false}, {"init": ["uniform", 30], "activation": "tanh", "batch_norm": true, "dropout": false, "hidden_size": 1, "avg_num_of_episodes_to_solve": 5000.0, "solved": false}, {"init": ["uniform", 30], "activation": "tanh", "batch_norm": true, "dropout": false, "hidden_size": 10, "avg_num_of_episodes_to_solve": 5000.0, "solved": false}, {"init": ["uniform", 30], "activation": "tanh", "batch_norm": true, "dropout": false, "hidden_size": 20, "avg_num_of_episodes_to_solve": 5000.0, "solved": false}, {"init": ["uniform", 30], "activation": "tanh", "batch_norm": true, "dropout": false, "hidden_size": 80, "avg_num_of_episodes_to_solve": 5000.0, "solved": false}, {"init": ["uniform", 30], "activation": "tanh", "batch_norm": true, "dropout": false, "hidden_size": 256, "avg_num_of_episodes_to_solve": 5000.0, "solved": false}, {"init": ["pytorch_default", null], "activation": "none", "batch_norm": true, "dropout": false, "hidden_size": 1, "avg_num_of_episodes_to_solve": 368.0, "solved": true}, {"init": ["pytorch_default", null], "activation": "none", "batch_norm": true, "dropout": false, "hidden_size": 10, "avg_num_of_episodes_to_solve": 486.0, "solved": true}, {"init": ["pytorch_default", null], "activation": "none", "batch_norm": true, "dropout": false, "hidden_size": 20, "avg_num_of_episodes_to_solve": 1461.6, "solved": true}, {"init": ["pytorch_default", null], "activation": "none", "batch_norm": true, "dropout": false, "hidden_size": 80, "avg_num_of_episodes_to_solve": 3061.3333333333335, "solved": false}, {"init": ["pytorch_default", null], "activation": "none", "batch_norm": true, "dropout": false, "hidden_size": 256, "avg_num_of_episodes_to_solve": 3670.75, "solved": false}, {"init": ["pytorch_default", null], "activation": "relu", "batch_norm": true, "dropout": false, "hidden_size": 1, "avg_num_of_episodes_to_solve": 2719.5, "solved": false}, {"init": ["pytorch_default", null], "activation": "relu", "batch_norm": true, "dropout": false, "hidden_size": 10, "avg_num_of_episodes_to_solve": 898.2, "solved": true}, {"init": ["pytorch_default", null], "activation": "relu", "batch_norm": true, "dropout": false, "hidden_size": 20, "avg_num_of_episodes_to_solve": 811.2, "solved": true}, {"init": ["pytorch_default", null], "activation": "relu", "batch_norm": true, "dropout": false, "hidden_size": 80, "avg_num_of_episodes_to_solve": 1999.0, "solved": false}, {"init": ["pytorch_default", null], "activation": "relu", "batch_norm": true, "dropout": false, "hidden_size": 256, "avg_num_of_episodes_to_solve": 5000.0, "solved": false}, {"init": ["pytorch_default", null], "activation": "leakyrelu", "batch_norm": true, "dropout": false, "hidden_size": 1, "avg_num_of_episodes_to_solve": 5000.0, "solved": false}, {"init": ["pytorch_default", null], "activation": "leakyrelu", "batch_norm": true, "dropout": false, "hidden_size": 10, "avg_num_of_episodes_to_solve": 630.0, "solved": true}, {"init": ["pytorch_default", null], "activation": "leakyrelu", "batch_norm": true, "dropout": false, "hidden_size": 20, "avg_num_of_episodes_to_solve": 571.4, "solved": true}, {"init": ["pytorch_default", null], "activation": "leakyrelu", "batch_norm": true, "dropout": false, "hidden_size": 80, "avg_num_of_episodes_to_solve": 2341.6666666666665, "solved": false}, {"init": ["pytorch_default", null], "activation": "leakyrelu", "batch_norm": true, "dropout": false, "hidden_size": 256, "avg_num_of_episodes_to_solve": 5000.0, "solved": false}, {"init": ["pytorch_default", null], "activation": "tanh", "batch_norm": true, "dropout": false, "hidden_size": 1, "avg_num_of_episodes_to_solve": 356.2, "solved": true}, {"init": ["pytorch_default", null], "activation": "tanh", "batch_norm": true, "dropout": false, "hidden_size": 10, "avg_num_of_episodes_to_solve": 380.8, "solved": true}, {"init": ["pytorch_default", null], "activation": "tanh", "batch_norm": true, "dropout": false, "hidden_size": 20, "avg_num_of_episodes_to_solve": 430.6, "solved": true}, {"init": ["pytorch_default", null], "activation": "tanh", "batch_norm": true, "dropout": false, "hidden_size": 80, "avg_num_of_episodes_to_solve": 602.0, "solved": true}, {"init": ["pytorch_default", null], "activation": "tanh", "batch_norm": true, "dropout": false, "hidden_size": 256, "avg_num_of_episodes_to_solve": 5000.0, "solved": false}]